;participant_id;task_idx;task_status;results_responses;results_rt;results_targetvalue;results_flagcorrect;results_stimind;results_trial
0;15;2;PRE_TEST;0,0,0,0,0,0,0,0,0,0,0,0,0,0,0,0,1,0,0,1,0,1,0,0,1,0,0,1,0,0,0,0,1,1,1,1,0,0,1,1,0,0,0,0,1,0,0,1,0,0,0,1,0,0,1,0,1,1,0,1,1,0,1,0,0,1,1,0,1,0,0,1,0,0,1,1,0,0,0,0,1,1,1,0,1,1,1,0,0,0,0,1,0,0,1,0,0,0,0,1,0,1,0,0,1,0,0,0,1,1,0,0,0,0,0,0,1,1,1,1;,,,,,,,,,,,,,,,,865,,,867,,767,,,733,,,900,,,,,668,1001,701,800,,,883,701,,,,,651,,,784,,,,1001,,,767,,651,868,,984,734,,717,,,717,1000,,716,,,730,,,1017,900,,,,,751,767,767,,767,650,784,,,,,650,,,850,,,,,1015,,899,,,718,,,,1002,867,,,,,,,883,767,716,783;1,0,0,1,1,1,1,0,1,1,1,0,0,1,1,2,2,1,1,2,1,2,1,1,2,2,0,0,2,0,1,0,1,2,2,1,1,0,2,2,1,1,1,0,0,2,2,2,0,0,1,1,0,1,2,0,2,1,2,2,1,1,2,1,0,1,2,2,2,0,1,0,1,0,2,2,0,0,1,1,1,2,2,1,2,0,0,1,2,0,0,2,0,1,0,2,1,0,1,2,0,0,2,0,2,0,2,0,2,0,2,0,2,2,0,2,2,0,0,0;true,true,true,true,true,true,true,true,true,true,true,true,true,true,true,false,true,true,true,true,true,true,true,true,true,false,true,false,false,true,true,true,false,true,true,false,true,true,true,true,true,true,true,true,false,false,false,true,true,true,true,false,true,true,true,true,true,false,false,true,false,true,true,true,true,false,true,false,true,true,true,false,true,true,true,true,true,true,true,true,false,true,true,true,true,false,false,true,false,true,true,true,true,true,false,false,true,true,true,true,true,false,false,true,true,true,false,true,true,false,false,true,false,false,true,false,true,false,false,false;2,0,1,4,0,1,7,2,5,3,6,3,4,37,36,37,36,19,12,19,24,12,16,33,24,16,5,6,33,7,11,8,18,11,18,13,15,9,15,13,28,31,23,10,11,28,31,23,12,13,35,20,14,21,35,15,20,26,21,26,38,9,38,30,16,10,9,30,10,17,17,18,8,19,17,8,20,21,25,34,39,25,34,32,39,22,23,22,32,24,25,22,26,14,27,14,27,28,29,27,29,30,29,31,2,32,1,33,0,34,4,35,7,6,36,5,3,37,38,39;0,1,2,3,4,5,6,7,8,9,10,11,12,13,14,15,16,17,18,19,20,21,22,23,24,25,26,27,28,29,30,31,32,33,34,35,36,37,38,39,40,41,42,43,44,45,46,47,48,49,50,51,52,53,54,55,56,57,58,59,60,61,62,63,64,65,66,67,68,69,70,71,72,73,74,75,76,77,78,79,80,81,82,83,84,85,86,87,88,89,90,91,92,93,94,95,96,97,98,99,100,101,102,103,104,105,106,107,108,109,110,111,112,113,114,115,116,117,118,119
1;15;2;POST_TEST;0,0,0,0,0,0,0,0,0,0,0,0,0,0,1,0,1,0,0,1,1,1,1,0,1,1,0,0,0,1,1,1,0,0,1,0,0,1,1,0,0,1,1,0,1,1,1,1,0,0,0,0,1,0,1,0,1,1,1,1,1,1,0,1,0,1,1,0,1,0,0,0,0,1,0,1,0,0,0,1,0,0,0,1,1,1,1,0,0,0,0,1,0,0,0,1,0,0,0,1,0,1,1,0,0,0,1,0,0,1,1,1,0,0,0,1,0,0,1,0;,,,,,,,,,,,,,,718,,930,,,750,1000,800,1000,,1015,799,,,,766,1000,784,,,849,,,766,932,,,768,817,,881,899,873,700,,,,,632,,849,,816,816,900,1000,718,799,,832,,848,1016,,950,,,,,734,,749,,,,848,,,,832,834,750,684,,,,,752,,,,634,,,,784,,717,834,,,,967,,,731,985,1001,,,,766,,,784,;0,0,1,1,0,1,1,1,1,1,1,1,0,0,2,1,0,1,0,1,2,2,2,1,1,2,1,0,0,2,1,2,0,1,2,0,0,2,0,1,0,2,1,1,0,2,0,2,1,0,0,1,2,1,0,0,2,1,2,1,2,0,1,2,1,2,1,2,2,0,1,1,1,2,2,2,1,0,1,2,2,1,1,0,1,2,2,1,2,0,0,2,0,1,0,2,0,1,1,0,2,0,2,0,2,0,0,2,2,2,0,2,2,0,0,2,0,0,2,0;true,true,true,true,true,true,true,true,true,true,true,true,true,true,true,true,false,true,true,false,true,true,true,true,false,true,true,true,true,true,false,true,true,true,true,true,true,true,false,true,true,true,false,true,false,true,false,true,true,true,true,true,true,true,false,true,true,false,true,false,true,false,true,true,true,true,false,false,true,true,true,true,true,true,false,true,true,true,true,true,false,true,true,false,false,true,true,true,false,true,true,true,true,true,true,true,true,true,true,false,false,false,true,true,false,true,false,false,false,true,false,true,false,true,true,true,true,true,true,true;0,1,4,0,2,5,2,6,3,7,1,20,3,4,20,23,5,33,6,21,23,21,33,10,13,10,19,7,8,13,12,19,9,30,12,10,11,30,12,35,13,35,22,32,14,22,15,32,29,16,17,17,29,18,18,19,17,39,18,26,39,20,25,26,28,25,37,28,37,21,36,11,31,36,31,11,34,22,16,34,16,27,15,23,14,15,27,8,14,24,25,8,26,24,27,24,28,38,9,29,9,30,38,31,0,32,33,4,6,2,34,5,3,35,36,1,37,38,7,39;0,1,2,3,4,5,6,7,8,9,10,11,12,13,14,15,16,17,18,19,20,21,22,23,24,25,26,27,28,29,30,31,32,33,34,35,36,37,38,39,40,41,42,43,44,45,46,47,48,49,50,51,52,53,54,55,56,57,58,59,60,61,62,63,64,65,66,67,68,69,70,71,72,73,74,75,76,77,78,79,80,81,82,83,84,85,86,87,88,89,90,91,92,93,94,95,96,97,98,99,100,101,102,103,104,105,106,107,108,109,110,111,112,113,114,115,116,117,118,119
2;51;2;PRE_TEST;0,0,0,0,0,0,0,0,0,0,0,0,0,0,0,1,1,0,1,1,0,0,1,0,0,0,1,1,0,0,1,0,0,1,0,0,0,1,1,1,0,0,0,0,0,0,1,1,1,0,1,0,1,0,0,0,0,1,0,0,1,0,0,0,0,1,0,0,1,0,1,1,1,0,0,0,1,0,1,1,0,0,0,1,0,0,0,0,1,1,0,0,0,0,1,0,0,0,1,1,1,0,0,0,0,0,0,0,0,0,0,0,1,0,0,1,0,0,0,0;,,,,,,,,,,,,,,,1016,900,,866,1001,,,863,,,,866,900,,,834,,,933,,,,882,833,817,,,,,,,932,850,949,,884,,883,,,,,982,,,866,,,,,932,,,883,,900,933,884,,,,836,,834,916,,,,899,,,,,933,931,,,,,897,,,,915,866,899,,,,,,,,,,,,881,,,998,,,,;0,0,0,1,1,1,1,1,1,1,1,1,0,1,1,2,2,1,2,2,1,1,2,0,0,1,2,0,0,0,2,1,0,2,0,1,1,0,2,2,0,0,0,1,1,1,2,2,0,1,2,0,2,0,0,1,1,2,0,0,2,1,0,1,0,2,1,1,2,1,2,2,2,1,1,1,2,0,2,2,1,1,0,2,1,2,0,0,2,1,1,2,0,1,2,0,1,1,2,2,2,0,0,0,0,2,0,2,2,0,2,0,2,0,0,2,2,0,2,0;true,true,true,true,true,true,true,true,true,true,true,true,true,true,true,true,true,true,true,true,true,true,true,true,true,true,true,false,true,true,true,true,true,true,true,true,true,false,true,true,true,true,true,true,true,true,true,true,false,true,true,true,true,true,true,true,true,true,true,true,true,true,true,true,true,true,true,true,true,true,true,true,true,true,true,true,true,true,true,true,true,true,true,true,true,false,true,true,true,false,true,false,true,true,true,true,true,true,true,true,true,true,true,true,true,false,true,false,false,true,false,true,true,true,true,true,false,true,false,true;0,1,2,0,3,6,5,7,1,4,2,23,3,31,30,31,23,8,30,8,22,11,22,4,5,16,11,6,7,8,16,25,9,25,10,14,18,11,18,14,12,13,14,17,19,9,17,19,15,15,9,16,15,17,18,38,21,38,19,20,21,39,21,35,22,39,24,33,35,36,24,33,36,29,32,34,29,23,34,32,13,27,24,27,12,13,25,26,12,26,28,26,27,10,28,28,37,20,10,37,20,29,30,31,32,6,33,0,3,34,5,35,1,36,37,7,4,38,2,39;0,1,2,3,4,5,6,7,8,9,10,11,12,13,14,15,16,17,18,19,20,21,22,23,24,25,26,27,28,29,30,31,32,33,34,35,36,37,38,39,40,41,42,43,44,45,46,47,48,49,50,51,52,53,54,55,56,57,58,59,60,61,62,63,64,65,66,67,68,69,70,71,72,73,74,75,76,77,78,79,80,81,82,83,84,85,86,87,88,89,90,91,92,93,94,95,96,97,98,99,100,101,102,103,104,105,106,107,108,109,110,111,112,113,114,115,116,117,118,119
3;51;2;POST_TEST;0,0,0,0,0,0,0,0,0,0,0,0,0,0,0,0,1,0,0,1,0,1,0,1,0,0,0,0,0,0,0,1,1,1,0,0,0,1,0,1,0,1,0,0,0,1,0,1,1,0,1,0,1,0,1,0,0,0,1,1,1,0,0,0,0,1,0,0,0,1,0,1,1,0,0,1,0,1,1,0,0,1,0,0,1,0,1,1,0,0,1,0,0,1,0,0,0,0,0,1,0,0,1,0,0,0,0,0,1,1,1,0,0,1,0,0,0,0,0,0;,,,,,,,,,,,,,,,,799,,,800,,833,,850,,,,,,,,868,783,766,,,,716,,771,,765,,,,836,,916,816,,783,,834,,836,,,,817,782,783,,,,,916,,,,700,,916,800,,,933,,817,800,,,933,,,916,,717,766,,,817,,,833,,,,,,833,,,784,,,,,,766,983,1000,,,899,,,,,,;1,0,0,1,1,1,1,1,1,1,0,1,1,2,1,0,2,0,1,2,0,0,0,2,1,0,1,0,2,1,1,2,2,2,1,0,1,2,1,2,0,2,1,1,0,2,0,1,2,1,2,0,0,0,2,1,1,1,2,2,2,0,0,1,1,2,0,1,1,2,0,2,2,1,1,2,1,2,2,1,0,0,0,1,2,1,2,2,1,1,2,0,0,2,1,0,0,0,1,2,0,0,2,2,0,2,0,2,2,2,2,0,2,2,0,0,0,0,0,0;true,true,true,true,true,true,true,true,true,true,true,true,true,false,true,true,true,true,true,true,true,false,true,true,true,true,true,true,false,true,true,true,true,true,true,true,true,true,true,true,true,true,true,true,true,true,true,false,true,true,true,true,false,true,true,true,true,true,true,true,true,true,true,true,true,true,true,true,true,true,true,true,true,true,true,true,true,true,true,true,true,false,true,true,true,true,true,true,true,true,true,true,true,true,true,true,true,true,true,true,true,true,true,false,true,false,true,false,true,true,true,true,false,true,true,true,true,true,true,true;2,0,1,4,6,0,1,3,5,7,2,19,31,19,36,3,31,4,23,36,5,6,7,23,12,8,13,9,12,26,39,13,39,26,8,10,38,8,16,38,11,16,14,33,12,14,13,18,33,9,18,14,15,16,9,28,11,30,28,30,11,17,18,32,15,32,19,21,10,15,20,21,10,35,22,35,24,22,24,17,21,22,23,29,17,27,29,27,34,37,34,24,25,37,20,26,27,28,25,20,29,30,25,4,31,0,32,2,1,6,7,33,3,5,34,35,36,37,38,39;0,1,2,3,4,5,6,7,8,9,10,11,12,13,14,15,16,17,18,19,20,21,22,23,24,25,26,27,28,29,30,31,32,33,34,35,36,37,38,39,40,41,42,43,44,45,46,47,48,49,50,51,52,53,54,55,56,57,58,59,60,61,62,63,64,65,66,67,68,69,70,71,72,73,74,75,76,77,78,79,80,81,82,83,84,85,86,87,88,89,90,91,92,93,94,95,96,97,98,99,100,101,102,103,104,105,106,107,108,109,110,111,112,113,114,115,116,117,118,119
4;48;3;PRE_TEST;0,0,0,0,0,0,0,0,0,0,0,0,0,0,0,1,0,0,1,0,0,0,0,0,1,0,0,1,0,0,1,1,0,0,1,1,1,0,1,1,0,1,1,0,0,1,1,1,1,0,0,1,0,0,1,1,0,1,1,0,0,0,0,0,1,0,0,1,0,0,0,0,1,1,1,0,0,0,0,1,1,0,0,0,0,0,1,0,0,1,0,0,1,1,0,1,1,0,0,1,0,0,1,1,0,1,1,1,1,1,1,1,0,1,0,0,0,1,1,0;,,,,,,,,,,,,,,,850,,,1000,,,,,,817,,,834,,,850,1000,,,1000,783,1000,,1000,1000,,766,800,,,783,800,733,766,,,933,,,1000,833,,1000,767,,,,,,983,,,767,,,,,917,900,767,,,,,800,983,,,,,,883,,,1000,,,850,933,,1000,1000,,,817,,,1001,850,,1000,833,933,1000,850,950,817,,1000,,,,850,900,;1,1,1,1,0,0,1,0,1,1,1,1,0,0,1,2,0,1,2,2,1,0,0,1,2,1,1,2,0,0,2,2,1,1,1,2,2,0,1,2,1,2,2,1,1,2,0,2,0,1,0,0,1,1,2,2,1,2,2,0,0,1,0,1,2,1,2,2,1,1,1,0,2,2,2,1,0,0,0,0,2,1,0,1,2,0,2,1,1,0,1,2,2,2,1,0,1,0,2,2,0,0,0,2,2,2,2,0,0,0,2,0,2,2,0,0,2,0,0,0;true,true,true,true,true,true,true,true,true,true,true,true,true,true,true,true,true,true,true,false,true,true,true,true,true,true,true,true,true,true,true,true,true,true,false,true,true,true,false,true,true,true,true,true,true,true,false,true,false,true,true,false,true,true,true,true,true,true,true,true,true,true,true,true,true,true,false,true,true,true,true,true,true,true,true,true,true,true,true,false,true,true,true,true,false,true,true,true,true,false,true,false,true,true,true,false,false,true,false,true,true,true,false,true,false,true,true,false,false,false,true,false,false,true,true,true,false,false,false,true;5,3,4,2,0,1,1,2,7,0,6,30,3,4,21,30,5,17,21,17,23,6,7,32,23,15,19,32,8,9,15,19,24,31,39,31,24,10,37,39,25,37,25,18,26,18,11,26,12,8,13,14,10,29,8,10,35,29,35,15,16,9,17,33,9,22,33,22,34,16,13,18,13,34,16,12,19,20,21,22,12,28,23,27,28,24,27,11,20,25,38,11,38,20,14,26,36,27,14,36,28,29,30,3,4,2,5,31,32,33,1,34,6,7,35,36,0,37,38,39;0,1,2,3,4,5,6,7,8,9,10,11,12,13,14,15,16,17,18,19,20,21,22,23,24,25,26,27,28,29,30,31,32,33,34,35,36,37,38,39,40,41,42,43,44,45,46,47,48,49,50,51,52,53,54,55,56,57,58,59,60,61,62,63,64,65,66,67,68,69,70,71,72,73,74,75,76,77,78,79,80,81,82,83,84,85,86,87,88,89,90,91,92,93,94,95,96,97,98,99,100,101,102,103,104,105,106,107,108,109,110,111,112,113,114,115,116,117,118,119
5;48;3;POST_TEST;0,0,0,0,0,0,0,0,0,0,0,0,0,0,0,0,0,0,0,1,1,1,0,0,0,1,1,0,0,0,0,1,1,1,1,0,0,0,1,1,0,1,0,1,0,1,0,0,1,1,1,0,0,0,0,0,1,1,0,1,0,0,0,0,1,0,0,0,0,0,0,1,0,0,0,1,0,0,1,0,0,1,1,0,1,0,0,1,1,1,1,1,0,1,1,1,1,0,1,0,0,1,1,0,1,0,0,1,1,1,1,1,1,0,1,1,0,0,0,0;,,,,,,,,,,,,,,,,,,,916,1000,1000,,,,883,967,,,,,950,817,817,800,,,,700,850,,767,,900,,1000,,,817,867,884,,,,,,884,934,,733,,,,,883,,,,,,,984,,,,933,,,800,,,966,1001,,866,,,983,667,917,984,967,,950,984,1000,1000,,899,,,800,1000,,900,,,817,1000,1000,784,1000,784,,767,733,,,,;1,0,1,1,1,1,1,1,1,0,0,0,0,0,1,1,0,0,1,2,2,2,1,0,1,2,2,1,1,0,0,1,2,2,2,1,1,2,2,0,0,1,1,2,1,2,1,0,2,2,0,1,0,1,1,1,2,2,2,2,1,1,0,2,2,1,0,0,0,0,2,1,0,1,2,0,1,2,2,1,0,2,0,1,1,1,2,2,0,2,1,0,1,1,2,2,0,1,2,0,2,2,0,0,2,0,2,2,0,0,2,2,2,2,0,0,0,0,0,0;true,true,true,true,true,true,true,true,true,true,true,true,true,true,true,true,true,true,true,true,true,true,true,true,true,true,true,true,true,true,true,false,true,true,true,true,true,false,true,false,true,false,true,true,true,true,true,true,true,true,false,true,true,true,true,true,true,true,false,true,true,true,true,false,true,true,true,true,true,true,false,false,true,true,false,false,true,false,true,true,true,true,false,true,false,true,false,true,false,true,false,false,true,false,true,true,false,true,true,true,false,true,false,true,true,true,false,true,false,false,true,true,true,false,false,false,true,true,true,true;7,0,1,5,6,3,0,4,2,1,2,3,4,5,20,24,6,7,12,20,24,12,33,8,26,33,26,16,8,9,10,30,16,8,30,21,15,21,15,11,12,18,32,18,27,32,11,13,27,11,14,35,15,36,19,28,35,36,28,19,38,22,16,22,38,25,17,18,19,20,25,31,21,13,31,22,34,13,34,9,23,9,24,29,10,37,10,29,25,37,23,26,17,39,23,17,27,14,39,28,7,14,29,30,1,31,6,5,32,33,2,0,3,4,34,35,36,37,38,39;0,1,2,3,4,5,6,7,8,9,10,11,12,13,14,15,16,17,18,19,20,21,22,23,24,25,26,27,28,29,30,31,32,33,34,35,36,37,38,39,40,41,42,43,44,45,46,47,48,49,50,51,52,53,54,55,56,57,58,59,60,61,62,63,64,65,66,67,68,69,70,71,72,73,74,75,76,77,78,79,80,81,82,83,84,85,86,87,88,89,90,91,92,93,94,95,96,97,98,99,100,101,102,103,104,105,106,107,108,109,110,111,112,113,114,115,116,117,118,119
6;68;3;PRE_TEST;0,0,0,0,0,0,0,1,0,0,0,0,0,0,0,1,1,1,1,0,1,1,0,0,0,1,0,0,1,1,0,0,0,0,0,0,1,1,0,0,0,0,0,1,1,0,1,1,0,1,0,0,1,0,0,0,1,0,0,0,1,1,1,0,1,0,1,0,0,1,1,1,0,0,0,0,1,0,0,1,0,1,1,0,0,1,0,0,1,1,1,0,0,0,0,1,1,0,1,1,1,0,0,0,0,0,1,0,1,1,0,1,1,1,0,1,0,0,1,0;,,,,,,,814,,,,,,,,523,965,921,924,,677,788,,,,980,,,874,749,,,,,,,845,709,,,,,,925,817,,777,1023,,732,,,754,,,,743,,,,879,731,762,,878,,761,,,827,707,576,,,,,900,,,752,,752,697,,,624,,,652,657,651,,,,,715,863,,813,787,777,,,,,,560,,855,802,,793,902,846,,739,,,864,;1,0,1,1,1,1,1,0,1,0,1,0,1,0,1,0,1,2,2,1,2,2,0,1,0,2,1,0,0,2,0,0,0,0,1,1,2,2,1,1,0,1,0,2,2,1,2,0,0,2,1,1,2,0,0,1,2,0,1,1,2,2,2,0,1,1,2,1,1,2,2,2,1,0,0,1,2,0,1,2,1,2,2,1,1,2,1,0,2,2,0,1,0,1,1,2,0,1,2,2,2,0,0,0,2,2,2,0,2,2,0,2,2,0,2,0,0,0,0,0;true,true,true,true,true,true,true,false,true,true,true,true,true,true,true,false,false,true,true,true,true,true,true,true,true,true,true,true,false,true,true,true,true,true,true,true,true,true,true,true,true,true,true,true,true,true,true,false,true,true,true,true,true,true,true,true,true,true,true,true,true,true,true,true,false,true,true,true,true,true,true,true,true,true,true,true,true,true,true,true,true,true,true,true,true,true,true,true,true,true,false,true,true,true,true,true,false,true,true,true,true,true,true,true,false,false,true,true,true,true,true,true,true,false,false,false,true,true,false,true;0,0,1,2,7,6,3,1,4,2,5,3,13,4,21,5,12,13,21,15,12,15,6,20,7,20,36,8,9,36,10,11,12,13,30,25,30,25,22,26,14,34,15,22,26,19,34,16,17,19,23,32,23,18,19,29,32,20,37,18,29,37,18,21,28,8,28,35,31,8,35,31,11,22,23,27,11,24,24,27,38,24,38,39,10,39,9,25,10,9,26,33,27,14,16,33,28,17,14,16,17,29,30,31,1,0,2,32,6,3,33,7,4,34,5,35,36,37,38,39;0,1,2,3,4,5,6,7,8,9,10,11,12,13,14,15,16,17,18,19,20,21,22,23,24,25,26,27,28,29,30,31,32,33,34,35,36,37,38,39,40,41,42,43,44,45,46,47,48,49,50,51,52,53,54,55,56,57,58,59,60,61,62,63,64,65,66,67,68,69,70,71,72,73,74,75,76,77,78,79,80,81,82,83,84,85,86,87,88,89,90,91,92,93,94,95,96,97,98,99,100,101,102,103,104,105,106,107,108,109,110,111,112,113,114,115,116,117,118,119
7;68;3;POST_TEST;0,0,0,0,0,0,0,0,0,0,0,0,0,0,1,0,1,0,0,1,0,0,0,1,0,0,0,0,0,1,1,1,0,0,0,1,0,1,0,0,0,1,1,1,0,0,1,0,0,0,1,0,1,1,1,0,0,0,0,1,0,1,0,0,1,1,0,1,1,0,0,0,0,1,0,0,0,1,0,1,1,1,0,1,0,1,0,0,1,0,0,1,0,0,0,1,0,1,1,0,0,1,0,0,0,1,0,1,1,0,0,0,1,1,1,1,0,0,0,1;,,,,,,,,,,,,,,730,,847,,,734,,,,831,,,,,,756,758,770,,,,793,,724,,,,729,692,709,,,729,,,,772,,901,750,868,,,,,779,,834,,,835,733,,769,691,,,,,734,,,,715,,844,832,822,,855,,635,,,709,,,678,,,,1017,,768,785,,,772,,,,766,,904,765,,,,947,716,839,1002,,,,864;0,1,0,1,0,1,1,1,1,1,1,1,1,0,2,1,2,0,0,2,0,1,0,2,1,0,1,1,0,2,2,2,1,1,0,2,0,2,1,1,1,2,2,2,1,0,2,1,1,1,2,0,0,2,2,1,0,1,0,2,1,2,1,1,2,2,1,2,2,1,0,0,0,2,0,1,1,2,0,0,1,2,1,2,0,2,1,0,2,1,0,2,0,1,1,0,1,2,2,0,0,2,0,0,2,0,0,2,2,0,0,2,2,2,2,0,0,0,0,2;true,true,true,true,true,true,true,true,true,true,true,true,true,true,true,true,true,true,true,true,true,true,true,true,true,true,true,true,true,true,true,true,true,true,true,true,true,true,true,true,true,true,true,true,true,true,true,true,true,true,true,true,false,true,true,true,true,true,true,true,true,true,true,true,true,true,true,true,true,true,true,true,true,true,true,true,true,true,true,false,false,true,true,true,true,true,true,true,true,true,true,true,true,true,true,false,true,true,true,true,true,true,true,true,false,false,true,true,true,true,true,false,true,true,true,false,true,true,true,true;0,2,1,7,2,4,6,3,5,0,1,20,24,3,20,37,24,4,5,37,6,25,7,25,22,8,30,13,9,22,30,13,21,8,10,8,11,21,16,12,36,16,12,36,27,12,27,32,18,11,32,13,14,18,11,35,15,28,16,35,9,28,34,10,9,10,15,34,15,23,17,18,19,23,20,31,17,31,21,22,26,17,33,26,23,33,29,24,29,39,25,39,26,38,19,27,14,19,38,28,29,14,30,31,7,32,33,4,2,34,35,0,3,5,6,36,37,38,39,1;0,1,2,3,4,5,6,7,8,9,10,11,12,13,14,15,16,17,18,19,20,21,22,23,24,25,26,27,28,29,30,31,32,33,34,35,36,37,38,39,40,41,42,43,44,45,46,47,48,49,50,51,52,53,54,55,56,57,58,59,60,61,62,63,64,65,66,67,68,69,70,71,72,73,74,75,76,77,78,79,80,81,82,83,84,85,86,87,88,89,90,91,92,93,94,95,96,97,98,99,100,101,102,103,104,105,106,107,108,109,110,111,112,113,114,115,116,117,118,119
8;70;7;PRE_TEST;0,0,0,0,0,0,0,0,0,0,0,0,0,0,0,0,0,1,0,1,1,0,0,1,0,0,1,0,0,0,1,1,0,1,1,1,0,1,0,1,0,0,0,0,1,0,1,0,0,1,1,0,0,0,0,0,1,0,0,0,1,0,1,0,0,1,0,1,1,0,0,0,1,1,0,0,0,0,0,1,1,0,0,1,0,0,0,1,0,0,1,0,1,0,0,1,0,1,1,1,0,1,0,1,1,1,0,1,1,1,0,0,0,0,0,1,1,0,1,1;,,,,,,,,,,,,,,,,,933,,767,933,,,867,,,851,,,,919,667,,899,700,750,,733,,767,,,,,868,,850,,,733,965,,,,,,783,,,,849,,816,,,800,,715,984,,,,716,766,,,,,,948,783,,,733,,,,799,,,816,,717,,,1017,,685,767,615,,983,,901,933,1016,,1016,934,833,,,,,,883,932,,932,699;0,1,0,1,1,1,1,1,0,1,1,0,1,0,0,1,0,2,1,2,2,0,1,1,2,1,2,0,1,1,2,2,1,2,2,1,0,2,0,0,0,1,0,1,2,0,2,1,0,2,0,0,1,0,1,0,2,1,1,2,2,1,2,0,0,2,1,1,2,1,0,0,2,2,1,1,1,2,1,2,2,0,0,2,1,0,1,2,0,1,2,1,2,1,1,2,1,2,2,2,0,0,0,0,0,2,2,0,2,2,2,0,2,0,0,2,0,2,0,0;true,true,true,true,true,true,true,true,true,true,true,true,true,true,true,true,true,true,true,true,true,true,true,false,false,true,true,true,true,true,true,true,true,true,true,false,true,true,true,false,true,true,true,true,true,true,true,true,true,true,false,true,true,true,true,true,true,true,true,false,true,true,true,true,true,true,true,false,true,true,true,true,true,true,true,true,true,false,true,true,true,true,true,true,true,true,true,true,true,true,true,true,true,true,true,true,true,true,true,true,true,false,true,false,false,true,false,false,true,true,false,true,false,true,true,true,false,false,false,false;0,4,1,3,5,6,0,2,2,7,1,3,12,4,5,33,6,12,30,33,30,7,36,22,36,28,22,8,23,34,28,34,35,23,35,10,9,10,10,11,12,8,13,9,8,14,9,21,15,21,16,17,25,18,16,19,25,31,13,16,31,17,13,20,21,17,11,39,11,29,22,23,39,29,24,18,32,18,14,24,32,24,25,14,19,26,15,19,27,37,15,26,37,20,38,26,27,38,20,27,28,29,30,31,32,4,6,33,5,0,1,34,3,35,36,2,37,7,38,39;0,1,2,3,4,5,6,7,8,9,10,11,12,13,14,15,16,17,18,19,20,21,22,23,24,25,26,27,28,29,30,31,32,33,34,35,36,37,38,39,40,41,42,43,44,45,46,47,48,49,50,51,52,53,54,55,56,57,58,59,60,61,62,63,64,65,66,67,68,69,70,71,72,73,74,75,76,77,78,79,80,81,82,83,84,85,86,87,88,89,90,91,92,93,94,95,96,97,98,99,100,101,102,103,104,105,106,107,108,109,110,111,112,113,114,115,116,117,118,119
9;70;7;POST_TEST;0,0,0,0,0,0,0,0,0,0,0,0,0,0,0,1,0,1,0,0,0,0,1,0,1,0,0,0,1,0,1,0,1,0,0,0,1,0,1,0,1,1,1,1,0,0,0,1,1,0,0,0,0,1,0,0,1,1,0,1,0,1,0,1,0,0,1,0,0,1,1,0,0,1,0,0,1,1,0,0,1,0,0,0,0,1,1,0,0,0,0,0,1,0,0,0,1,0,0,1,0,0,1,0,0,0,0,0,0,1,0,1,0,0,0,1,1,1,0,1;,,,,,,,,,,,,,,,949,,950,,,,,833,,717,,,,949,,851,,932,,,,732,,855,,882,732,950,700,,,,732,799,,,,,1015,,,700,783,,900,,899,,717,,,833,,,782,935,,,700,,,900,751,,,766,,,,,815,799,,,,,,665,,,,767,,,683,,,733,,,,,,,901,,932,,,,714,866,750,,899;1,1,1,0,0,1,1,0,1,1,1,1,0,0,1,2,1,2,1,1,2,0,2,1,2,0,2,1,1,0,2,1,2,0,0,0,2,1,1,1,2,2,0,2,1,0,1,2,2,0,1,0,1,2,0,1,2,2,0,1,1,2,1,2,0,1,2,1,1,2,2,0,0,2,1,1,2,0,2,0,0,0,0,1,1,2,2,0,1,0,0,1,2,1,0,1,2,1,2,2,0,0,2,0,0,2,2,0,0,2,2,2,0,2,0,0,2,2,0,0;true,true,true,true,true,true,true,true,true,true,true,true,true,true,true,true,true,true,true,true,false,true,true,true,true,true,false,true,false,true,true,true,true,true,true,true,true,true,false,true,true,true,false,true,true,true,true,true,true,true,true,true,true,true,true,true,true,true,true,false,true,true,true,true,true,true,true,true,true,true,true,true,true,true,true,true,true,false,false,true,false,true,true,true,true,true,true,true,true,true,true,true,true,true,true,true,true,true,false,true,true,true,true,true,true,false,false,true,true,true,false,true,true,false,true,false,true,true,true,false;3,0,4,0,1,7,1,2,2,6,5,30,3,4,11,30,18,11,26,38,18,5,26,13,38,6,13,33,12,7,33,36,12,8,9,10,36,16,39,25,16,25,11,39,35,12,9,35,9,13,24,14,29,24,15,22,29,22,16,10,31,10,37,31,17,17,37,19,32,19,17,18,19,32,23,8,23,20,8,21,22,23,24,20,27,20,27,25,34,26,27,15,34,21,28,14,15,28,21,14,29,30,28,31,32,3,0,33,34,4,7,1,35,6,36,37,2,5,38,39;0,1,2,3,4,5,6,7,8,9,10,11,12,13,14,15,16,17,18,19,20,21,22,23,24,25,26,27,28,29,30,31,32,33,34,35,36,37,38,39,40,41,42,43,44,45,46,47,48,49,50,51,52,53,54,55,56,57,58,59,60,61,62,63,64,65,66,67,68,69,70,71,72,73,74,75,76,77,78,79,80,81,82,83,84,85,86,87,88,89,90,91,92,93,94,95,96,97,98,99,100,101,102,103,104,105,106,107,108,109,110,111,112,113,114,115,116,117,118,119
10;82;6;PRE_TEST;0,0,0,0,0,0,0,0,0,0,0,0,0,0,0,0,0,0,0,0,0,0,0,0,0,0,0,0,0,0,0,0,0,0,1,0,0,1,0,0,0,0,1,0,0,1,0,1,0,0,0,0,0,1,0,1,0,0,0,1,0,0,0,0,0,0,0,1,0,1,0,0,0,1,0,1,0,0,0,0,0,0,0,0,0,0,0,0,0,0,0,1,0,0,0,0,1,0,0,0,0,0,0,0,0,0,0,1,0,0,1,0,0,0,0,0,0,0,0,0;,,,,,,,,,,,,,,,,,,,,,,,,,,,,,,,,,,1000,,,966,,,,,1000,,,900,,883,,,,,,1001,,1000,,,,1016,,,,,,,,1015,,1016,,,,1000,,982,,,,,,,,,,,,,,,,1000,,,,,1000,,,,,,,,,,,950,,,1000,,,,,,,,,;1,1,1,1,1,0,1,1,1,0,0,1,0,2,0,1,0,2,1,1,1,2,2,1,1,2,2,2,0,0,0,1,1,0,2,1,1,2,2,1,2,1,2,1,1,2,2,2,1,1,1,2,0,2,0,2,1,0,1,2,1,2,1,0,1,2,2,1,0,2,1,2,0,0,0,2,1,1,2,2,0,0,1,0,0,2,1,0,0,1,0,2,0,2,1,1,0,2,2,0,0,0,2,0,0,2,2,2,0,0,2,2,2,0,0,2,0,0,0,0;true,true,true,true,true,true,true,true,true,true,true,true,true,false,true,true,true,false,true,true,true,false,false,true,true,false,false,false,true,true,true,true,true,true,true,true,true,true,false,true,false,true,true,true,true,true,false,true,true,true,true,false,true,true,true,true,true,true,true,true,true,false,true,true,true,false,false,false,true,true,true,false,true,false,true,true,true,true,false,false,true,true,true,true,true,false,true,true,true,true,true,true,true,false,true,true,false,false,false,true,true,true,false,true,true,false,false,true,true,true,true,false,false,true,true,false,true,true,true,true;3,7,6,5,4,0,2,1,0,1,2,30,3,30,4,35,5,35,21,8,10,8,21,33,16,10,33,16,6,7,8,15,14,9,15,29,36,14,29,37,36,32,37,39,19,32,19,39,23,9,28,9,10,23,11,28,13,12,18,13,25,18,38,13,27,25,38,26,14,27,22,26,15,16,17,22,11,24,11,24,18,19,12,20,21,12,31,22,23,34,24,31,25,34,17,20,26,20,17,27,28,29,7,30,31,6,5,3,32,33,1,4,0,34,35,2,36,37,38,39;0,1,2,3,4,5,6,7,8,9,10,11,12,13,14,15,16,17,18,19,20,21,22,23,24,25,26,27,28,29,30,31,32,33,34,35,36,37,38,39,40,41,42,43,44,45,46,47,48,49,50,51,52,53,54,55,56,57,58,59,60,61,62,63,64,65,66,67,68,69,70,71,72,73,74,75,76,77,78,79,80,81,82,83,84,85,86,87,88,89,90,91,92,93,94,95,96,97,98,99,100,101,102,103,104,105,106,107,108,109,110,111,112,113,114,115,116,117,118,119
11;82;6;POST_TEST;0,0,0,0,0,0,0,0,0,0,0,0,0,0,0,0,0,1,0,0,0,0,0,0,0,0,1,0,0,0,1,0,0,0,0,0,0,0,0,0,0,1,0,0,0,0,0,0,0,0,0,0,0,0,0,0,0,0,0,0,0,0,0,0,0,0,0,0,0,0,0,0,0,0,0,0,0,0,0,0,0,0,0,0,0,0,0,0,0,0,0,0,0,0,0,0,0,0,0,0,0,0,0,0,0,0,0,0,1,0,1,0,0,0,0,0,0,0,0,1;,,,,,,,,,,,,,,,,,849,,,,,,,,,851,,,,932,,,,,,,,,,,584,,,,,,,,,,,,,,,,,,,,,,,,,,,,,,,,,,,,,,,,,,,,,,,,,,,,,,,,,,,,,,,,,,,1000,,683,,,,,,,,,16;1,1,1,1,0,0,0,1,1,1,1,1,1,2,0,2,0,1,0,2,0,1,1,1,2,2,1,1,2,2,2,1,0,0,2,0,1,1,1,2,2,0,1,2,2,1,0,2,0,1,1,0,2,2,1,0,1,2,1,0,1,2,1,2,0,2,2,1,1,0,0,0,2,2,0,0,0,1,1,0,2,2,0,1,0,1,0,2,0,1,2,1,2,2,1,1,1,0,2,2,2,0,2,0,2,2,0,0,0,2,2,2,0,0,0,0,0,2,2,0;true,true,true,true,true,true,true,true,true,true,true,true,true,false,true,false,true,false,true,false,true,true,true,true,false,false,false,true,false,false,true,true,true,true,false,true,true,true,true,false,false,false,true,false,false,true,true,false,true,true,true,true,false,false,true,true,true,false,true,true,true,false,true,false,true,false,false,true,true,true,true,true,false,false,true,true,true,true,true,true,false,false,true,true,true,true,true,false,true,true,false,true,false,false,true,true,true,true,false,false,false,true,false,true,false,false,true,true,false,false,true,false,true,true,true,true,true,false,false,false;5,6,1,3,0,1,2,2,7,4,0,16,21,16,3,21,4,8,5,8,6,20,18,30,20,18,26,34,30,34,26,35,7,8,35,9,15,36,32,15,36,10,10,32,10,28,11,28,12,12,29,13,29,12,22,14,9,22,19,15,14,9,27,19,16,14,27,38,17,17,18,19,38,17,20,21,22,24,37,23,37,24,24,33,25,13,26,33,27,39,13,25,39,25,11,31,23,28,11,31,23,29,5,30,1,6,31,32,33,2,3,7,34,35,36,37,38,4,0,39;0,1,2,3,4,5,6,7,8,9,10,11,12,13,14,15,16,17,18,19,20,21,22,23,24,25,26,27,28,29,30,31,32,33,34,35,36,37,38,39,40,41,42,43,44,45,46,47,48,49,50,51,52,53,54,55,56,57,58,59,60,61,62,63,64,65,66,67,68,69,70,71,72,73,74,75,76,77,78,79,80,81,82,83,84,85,86,87,88,89,90,91,92,93,94,95,96,97,98,99,100,101,102,103,104,105,106,107,108,109,110,111,112,113,114,115,116,117,118,119
12;85;5;PRE_TEST;0,0,0,0,0,0,0,0,0,0,0,0,0,0,0,0,1,1,1,1,0,0,0,1,1,0,0,1,0,0,0,1,0,0,1,0,0,0,0,0,0,0,1,0,0,1,0,1,0,0,1,0,0,1,1,1,0,0,1,1,1,0,0,0,0,0,0,1,0,1,1,1,0,1,0,1,1,0,0,0,1,0,0,0,0,0,1,1,1,0,0,1,1,0,0,0,0,0,0,1,1,1,0,1,0,0,0,1,1,1,0,1,0,1,1,1,0,1,1,1;,,,,,,,,,,,,,,,,817,949,799,768,,,,985,732,,,699,,,,717,,,699,,,,,,,,899,,,866,,967,,,783,,,866,832,866,,,882,784,850,,,,,,,800,,917,966,901,,916,,900,850,,,,1000,,,,,,850,899,900,,,799,949,,,,,,,917,817,767,,833,,,,885,1001,934,,1000,,782,767,982,,1015,918,915;1,1,0,0,1,1,0,1,1,1,1,0,1,0,0,1,2,1,2,2,0,1,0,1,2,1,1,2,2,0,0,2,0,1,0,2,1,0,1,2,1,1,2,0,0,2,2,0,1,1,2,1,0,2,2,1,1,1,2,2,2,0,0,0,1,1,1,2,1,2,2,0,0,2,1,0,0,1,2,1,2,1,2,1,0,0,2,2,1,0,1,2,2,0,0,1,1,1,2,0,2,2,0,0,0,0,2,2,2,0,2,2,0,2,2,0,0,2,0,0;true,true,true,true,true,true,true,true,true,true,true,true,true,true,true,true,true,false,true,true,true,true,true,false,true,true,true,true,false,true,true,true,true,true,false,false,true,true,true,false,true,true,true,true,true,true,false,false,true,true,true,true,true,true,true,false,true,true,true,true,true,true,true,true,true,true,true,true,true,true,true,false,true,true,true,false,false,true,false,true,true,true,false,true,true,true,true,true,false,true,true,true,true,true,true,true,true,true,false,false,true,true,true,false,true,true,false,true,true,false,false,true,true,true,true,false,true,true,false,false;7,3,0,1,4,0,2,6,5,1,2,3,37,4,5,39,37,36,39,36,6,17,7,12,17,33,16,12,33,8,9,16,10,28,11,28,30,12,11,30,19,34,11,13,14,19,34,15,15,23,15,27,16,27,23,31,24,9,24,9,31,17,18,19,25,14,13,14,32,25,13,20,21,32,38,22,23,21,38,35,21,22,35,8,24,25,22,8,10,26,18,10,18,27,28,20,29,26,20,29,29,26,30,31,32,33,4,7,3,34,6,5,35,0,2,36,37,1,38,39;0,1,2,3,4,5,6,7,8,9,10,11,12,13,14,15,16,17,18,19,20,21,22,23,24,25,26,27,28,29,30,31,32,33,34,35,36,37,38,39,40,41,42,43,44,45,46,47,48,49,50,51,52,53,54,55,56,57,58,59,60,61,62,63,64,65,66,67,68,69,70,71,72,73,74,75,76,77,78,79,80,81,82,83,84,85,86,87,88,89,90,91,92,93,94,95,96,97,98,99,100,101,102,103,104,105,106,107,108,109,110,111,112,113,114,115,116,117,118,119
13;85;5;POST_TEST;0,0,0,0,0,0,0,0,0,0,0,0,0,0,0,0,0,0,0,0,1,0,0,1,0,0,0,0,1,0,0,1,1,1,1,0,0,1,0,0,0,0,1,1,1,0,1,0,1,1,1,0,1,0,1,0,0,1,1,1,0,0,1,1,0,0,1,0,0,0,1,0,0,1,1,1,0,0,0,0,0,1,1,1,0,0,0,0,0,1,1,1,0,0,0,1,1,0,0,1,0,0,1,0,1,1,0,1,1,0,0,1,1,0,0,0,0,0,0,1;,,,,,,,,,,,,,,,,,,,,916,,,934,,,,,1016,,,868,799,734,866,,,701,,,,,715,883,917,,666,,934,766,817,,900,,818,,,900,1000,932,,,750,1000,,,1017,,,,1000,,,800,934,801,,,,,,983,1000,966,,,,,,916,798,1016,,,,735,1000,,,1000,,,933,,851,900,,849,850,,,851,983,,,,,,,1017;1,1,1,0,1,1,1,0,1,0,1,0,1,1,2,2,1,0,0,0,2,1,0,2,0,0,1,1,2,1,0,2,2,0,0,1,0,1,1,2,1,0,2,2,2,1,1,2,1,2,0,1,2,1,2,1,2,1,0,2,1,1,2,2,0,1,2,0,2,1,1,0,0,1,2,2,0,1,2,2,1,0,0,2,0,0,1,1,0,2,2,0,1,1,0,2,2,1,1,0,0,2,2,0,2,0,0,2,2,2,2,2,0,0,2,2,0,0,0,0;true,true,true,true,true,true,true,true,true,true,true,true,true,true,false,false,true,true,true,true,true,true,true,true,true,true,true,true,true,true,true,true,true,false,false,true,true,false,true,false,true,true,true,true,true,true,false,false,false,true,false,true,true,true,true,true,false,false,false,true,true,true,true,true,true,true,true,true,false,true,false,true,true,false,true,true,true,true,false,false,true,false,false,true,true,true,true,true,true,true,true,false,true,true,true,true,true,true,true,false,true,false,true,true,true,false,true,true,true,false,false,true,false,true,false,false,true,true,true,false;7,6,5,0,1,0,3,1,4,2,2,3,38,10,38,10,36,4,5,6,36,17,7,17,8,9,25,29,25,28,10,28,29,11,12,31,13,13,21,31,9,14,13,21,9,18,37,18,39,37,15,14,39,19,14,35,19,12,16,35,24,15,12,24,17,32,15,18,32,26,30,19,20,22,26,30,21,27,22,27,11,22,23,11,24,25,20,34,26,34,20,27,16,33,28,16,33,23,8,29,30,23,8,31,1,32,33,7,6,3,0,5,34,35,2,4,36,37,38,39;0,1,2,3,4,5,6,7,8,9,10,11,12,13,14,15,16,17,18,19,20,21,22,23,24,25,26,27,28,29,30,31,32,33,34,35,36,37,38,39,40,41,42,43,44,45,46,47,48,49,50,51,52,53,54,55,56,57,58,59,60,61,62,63,64,65,66,67,68,69,70,71,72,73,74,75,76,77,78,79,80,81,82,83,84,85,86,87,88,89,90,91,92,93,94,95,96,97,98,99,100,101,102,103,104,105,106,107,108,109,110,111,112,113,114,115,116,117,118,119
14;84;4;PRE_TEST;0,0,0,0,0,0,0,0,0,1,0,0,0,0,0,1,0,0,0,1,1,0,0,0,0,1,1,1,0,1,0,0,1,1,1,1,0,0,0,1,1,1,1,0,0,0,0,1,1,0,0,1,0,1,1,0,0,0,1,1,0,1,0,1,0,0,0,0,0,0,1,0,1,0,1,0,1,1,1,0,1,0,0,0,1,1,1,1,0,0,1,0,1,1,1,0,0,0,0,1,0,1,1,0,0,0,0,0,0,0,0,1,1,0,1,1,0,1,0,0;,,,,,,,,,1024,,,,,,950,,,,1000,1000,,,,,875,774,1000,,1000,,,900,1000,725,1024,,,,775,975,1000,850,,,,,975,775,,,775,,1024,850,,,,925,825,,1024,,1000,,,,,,,824,,850,,850,,900,975,850,,876,,,,850,825,724,875,,,1000,,800,875,875,,,,,875,,850,825,,,,,,,,,975,1000,,924,1000,,950,,;1,1,0,1,1,0,1,0,1,1,1,1,0,0,0,2,0,1,1,2,2,1,0,1,1,2,2,0,0,2,0,1,0,0,2,1,1,1,0,2,2,0,2,1,1,0,0,2,2,0,1,0,1,2,2,1,1,1,2,2,1,2,0,2,0,0,1,1,2,1,2,1,2,1,2,1,2,0,0,1,2,1,1,0,2,2,0,2,1,0,1,1,2,2,2,0,0,1,1,0,2,0,2,2,0,0,0,0,2,2,2,2,2,2,0,2,0,0,0,0;true,true,true,true,true,true,true,true,true,false,true,true,true,true,true,true,true,true,true,true,true,true,true,true,true,true,true,false,true,true,true,true,false,false,true,false,true,true,true,true,true,false,true,true,true,true,true,true,true,true,true,false,true,true,true,true,true,true,true,true,true,true,true,true,true,true,true,true,false,true,true,true,true,true,true,true,true,false,false,true,true,true,true,true,true,true,false,true,true,true,false,true,true,true,true,true,true,true,true,false,false,false,true,false,true,true,true,true,false,false,false,true,true,false,false,true,true,false,true,true;6,3,0,7,0,1,4,2,5,2,1,16,3,4,5,16,6,36,27,36,27,25,7,19,15,19,25,8,9,15,10,26,11,12,26,12,14,20,13,14,12,14,20,24,10,15,16,24,10,17,21,18,31,21,31,9,33,17,33,9,18,17,19,18,20,21,32,8,32,13,8,22,13,29,22,34,29,22,23,39,34,11,30,24,39,11,25,30,23,26,38,37,23,37,38,27,28,35,28,29,28,30,35,6,31,32,33,34,4,5,3,1,7,0,35,2,36,37,38,39;0,1,2,3,4,5,6,7,8,9,10,11,12,13,14,15,16,17,18,19,20,21,22,23,24,25,26,27,28,29,30,31,32,33,34,35,36,37,38,39,40,41,42,43,44,45,46,47,48,49,50,51,52,53,54,55,56,57,58,59,60,61,62,63,64,65,66,67,68,69,70,71,72,73,74,75,76,77,78,79,80,81,82,83,84,85,86,87,88,89,90,91,92,93,94,95,96,97,98,99,100,101,102,103,104,105,106,107,108,109,110,111,112,113,114,115,116,117,118,119
15;84;4;POST_TEST;0,0,0,0,0,0,0,0,0,0,0,0,0,0,0,0,1,0,1,1,1,0,1,0,0,0,0,1,1,0,0,0,1,0,1,0,0,1,1,1,1,0,0,1,1,0,1,0,0,1,0,0,0,0,1,0,1,1,0,1,1,1,0,0,0,1,0,1,0,0,1,0,1,1,0,0,1,0,0,0,0,1,0,0,0,1,1,1,1,0,0,0,1,0,1,0,1,1,1,0,1,1,0,0,1,0,1,0,0,0,0,0,1,0,0,1,0,1,0,0;,,,,,,,,,,,,,,,,850,,925,948,825,,951,,,,,974,775,,,,801,,850,,,725,775,826,724,,,750,801,,851,,,901,,,,,825,,775,799,,775,875,1000,,,,826,,800,,,1025,,800,800,,,876,,,,,1024,,,,825,1000,775,975,,,,900,,822,,748,926,875,,700,772,,,827,,801,,,,,,725,,,875,,973,,;1,1,1,1,0,1,0,1,1,1,0,1,0,0,0,1,2,1,1,2,2,1,2,1,2,1,0,2,2,1,1,0,2,1,2,1,1,2,2,2,1,1,1,2,2,0,2,1,1,2,1,1,0,2,2,0,2,1,1,2,2,0,0,1,0,0,0,2,0,1,0,1,2,0,0,0,2,1,0,0,1,2,1,0,0,2,1,2,2,1,0,1,2,1,2,0,2,0,1,0,2,0,0,0,2,2,2,0,0,0,2,2,0,2,0,2,0,2,0,0;true,true,true,true,true,true,true,true,true,true,true,true,true,true,true,true,true,true,false,true,true,true,true,true,false,true,true,true,true,true,true,true,true,true,true,true,true,true,true,true,false,true,true,true,true,true,true,true,true,true,true,true,true,false,true,true,true,false,true,true,true,false,true,true,true,false,true,true,true,true,false,true,true,false,true,true,true,true,true,true,true,true,true,true,true,true,false,true,true,true,true,true,true,true,true,true,true,false,false,true,true,false,true,true,true,false,true,true,true,true,false,false,false,false,true,true,true,true,true,true;1,2,0,6,0,5,1,3,4,7,2,14,3,4,5,31,14,37,36,37,31,22,36,15,22,33,6,33,15,17,20,7,17,27,20,30,18,27,30,18,26,39,25,39,26,8,25,8,32,8,11,35,9,32,11,10,35,10,19,10,19,11,12,16,13,14,15,16,16,38,17,9,38,18,19,20,9,21,21,22,29,21,23,23,24,29,13,23,13,28,25,34,28,24,34,26,24,27,12,28,12,29,30,31,1,0,2,32,33,34,5,6,35,3,36,4,37,7,38,39;0,1,2,3,4,5,6,7,8,9,10,11,12,13,14,15,16,17,18,19,20,21,22,23,24,25,26,27,28,29,30,31,32,33,34,35,36,37,38,39,40,41,42,43,44,45,46,47,48,49,50,51,52,53,54,55,56,57,58,59,60,61,62,63,64,65,66,67,68,69,70,71,72,73,74,75,76,77,78,79,80,81,82,83,84,85,86,87,88,89,90,91,92,93,94,95,96,97,98,99,100,101,102,103,104,105,106,107,108,109,110,111,112,113,114,115,116,117,118,119
16;87;0;PRE_TEST;0,0,0,0,0,0,0,0,0,0,0,0,0,0,0,1,0,0,0,0,0,0,0,1,0,0,0,1,1,0,0,1,1,1,1,0,0,1,0,0,0,1,1,0,0,1,0,1,0,0,0,0,1,1,0,0,0,1,0,0,0,1,0,1,1,0,0,0,1,0,0,0,1,0,1,1,0,1,0,0,0,0,1,0,0,1,1,0,1,1,0,0,0,0,0,1,1,0,0,0,0,0,1,1,0,0,0,0,0,0,1,1,0,0,0,0,0,1,1,0;,,,,,,,,,,,,,,,1005,,,,,,,,883,,,,816,1000,,,817,883,900,1000,,,1000,,,,733,932,,,882,,667,,,,,716,883,,,,882,,,,866,,1000,1000,,,,816,,,,966,,749,933,,815,,,,,783,,,948,849,,766,998,,,,,,799,901,,,,,,1016,800,,,,,,,816,816,,,,,,800,867,;1,1,1,0,1,1,0,1,1,0,1,1,0,1,0,2,2,0,1,0,1,0,2,2,1,0,0,1,2,1,1,2,1,2,2,1,0,2,2,0,1,0,2,0,1,1,0,2,1,2,1,0,2,2,0,0,1,0,1,1,2,2,1,2,2,1,1,2,2,1,0,1,2,1,2,0,0,2,0,1,1,0,2,1,0,2,1,0,2,2,0,1,1,1,0,2,2,1,2,2,0,0,2,2,0,0,0,2,0,0,2,2,0,2,0,0,2,2,0,0;true,true,true,true,true,true,true,true,true,true,true,true,true,true,true,true,false,true,true,true,true,true,false,true,true,true,true,false,true,true,true,true,false,true,true,true,true,true,false,true,true,false,true,true,true,false,true,true,true,false,true,true,true,true,true,true,true,false,true,true,false,true,true,true,true,true,true,false,true,true,true,true,true,true,true,false,true,true,true,true,true,true,true,true,true,true,false,true,true,true,true,true,true,true,true,true,true,true,false,false,true,true,true,true,true,true,true,false,true,true,true,true,true,false,true,true,false,true,false,true;7,5,1,0,0,3,1,4,2,2,6,23,3,18,4,23,18,5,14,6,31,7,31,14,27,8,9,12,27,25,28,12,39,25,28,11,10,39,11,11,24,12,24,13,22,36,14,36,15,22,9,15,15,9,16,17,19,18,8,32,8,19,29,32,29,20,17,20,17,38,19,33,38,16,33,20,21,16,22,34,30,23,34,10,24,30,13,25,10,13,26,26,37,35,27,37,26,21,35,21,28,29,5,7,30,31,32,1,33,34,0,3,35,4,36,37,6,2,38,39;0,1,2,3,4,5,6,7,8,9,10,11,12,13,14,15,16,17,18,19,20,21,22,23,24,25,26,27,28,29,30,31,32,33,34,35,36,37,38,39,40,41,42,43,44,45,46,47,48,49,50,51,52,53,54,55,56,57,58,59,60,61,62,63,64,65,66,67,68,69,70,71,72,73,74,75,76,77,78,79,80,81,82,83,84,85,86,87,88,89,90,91,92,93,94,95,96,97,98,99,100,101,102,103,104,105,106,107,108,109,110,111,112,113,114,115,116,117,118,119
17;87;0;POST_TEST;0,0,0,0,0,0,0,0,0,0,0,0,0,0,0,0,0,0,0,1,1,0,1,0,0,0,1,0,1,1,0,0,0,1,1,1,0,1,1,1,0,1,1,0,0,0,0,0,1,0,0,0,1,0,0,1,0,0,1,0,1,1,0,0,1,1,0,0,0,0,1,1,0,0,0,0,0,1,0,1,0,0,0,0,0,0,0,0,0,0,1,1,0,0,0,0,0,0,1,0,1,1,1,0,1,1,0,0,0,0,0,1,0,0,1,0,0,0,1,1;,,,,,,,,,,,,,,,,,,,749,900,,750,,,,899,,784,883,,,,866,850,717,,933,883,784,,683,1000,,,,,,717,,,,716,,,884,,,867,,750,783,,,767,800,,,,,983,733,,,,,,733,,900,,,,,,,,,,,1000,766,,,,,,,733,,784,815,784,,683,900,,,,,,916,,,749,,,,799,700;1,1,1,1,0,0,1,1,1,1,0,1,0,2,1,0,0,1,1,2,2,1,2,0,1,1,2,0,2,2,1,0,0,2,0,0,1,0,2,1,1,2,2,1,0,1,0,2,2,1,1,0,2,1,1,2,1,2,2,1,2,2,1,1,2,2,1,1,0,0,2,2,0,1,0,0,1,2,0,2,1,0,0,1,2,1,2,1,0,0,2,2,0,0,0,1,1,1,2,0,2,0,2,2,2,2,0,2,0,0,2,0,0,0,2,2,2,0,0,0;true,true,true,true,true,true,true,true,true,true,true,true,true,false,true,true,true,true,true,true,true,true,true,true,true,true,true,true,true,true,true,true,true,true,false,false,true,false,true,false,true,true,true,true,true,true,true,false,true,true,true,true,true,true,true,true,true,false,true,true,true,true,true,true,true,true,true,true,true,true,true,true,true,true,true,true,true,true,true,true,true,true,true,true,false,true,false,true,true,true,true,true,true,true,true,true,true,true,true,true,true,false,true,false,true,true,true,false,true,true,false,false,true,true,true,false,false,true,false,false;5,7,2,3,0,1,0,1,4,6,2,27,3,27,36,4,5,23,38,36,38,8,23,6,12,33,8,7,33,12,18,8,9,18,10,11,29,12,29,14,9,14,9,22,13,25,14,22,25,16,32,15,16,34,20,32,39,20,34,17,39,17,31,35,31,35,21,10,16,17,21,10,18,15,19,20,37,15,21,37,26,22,23,11,26,19,11,24,24,25,19,24,26,27,28,28,13,30,28,29,13,30,30,5,2,3,31,7,32,33,4,34,35,36,0,6,1,37,38,39;0,1,2,3,4,5,6,7,8,9,10,11,12,13,14,15,16,17,18,19,20,21,22,23,24,25,26,27,28,29,30,31,32,33,34,35,36,37,38,39,40,41,42,43,44,45,46,47,48,49,50,51,52,53,54,55,56,57,58,59,60,61,62,63,64,65,66,67,68,69,70,71,72,73,74,75,76,77,78,79,80,81,82,83,84,85,86,87,88,89,90,91,92,93,94,95,96,97,98,99,100,101,102,103,104,105,106,107,108,109,110,111,112,113,114,115,116,117,118,119
18;90;4;PRE_TEST;0,0,0,0,0,0,0,0,0,0,0,0,0,0,0,0,0,0,1,0,0,0,0,0,0,0,1,1,0,1,1,0,0,0,0,0,0,1,0,0,0,1,0,0,1,0,0,1,1,1,0,0,0,0,0,0,0,0,1,1,0,0,1,0,0,1,0,1,0,1,0,1,1,0,0,0,1,0,0,0,0,0,1,1,0,0,0,0,1,0,0,0,0,0,0,1,0,0,0,1,0,1,0,0,0,0,0,0,0,0,1,0,0,0,0,0,1,0,1,1;,,,,,,,,,,,,,,,,,,1033,,,,,,,,1016,1033,,983,1000,,,,,,,949,,,,950,,,999,,,1017,950,983,,,,,,,,,1001,1032,,,1000,,,1000,,1016,,950,,917,1016,,,,1000,,,,,,967,1017,,,,,1016,,,,,,,966,,,,916,,1032,,,,,,,,,1033,,,,,,916,,1016,950;0,1,1,1,1,1,0,0,1,1,1,0,1,1,2,1,2,1,2,0,0,2,1,1,2,1,1,2,1,2,2,0,2,1,1,0,1,2,2,0,2,1,0,0,2,1,1,1,0,2,1,2,2,1,0,2,0,1,2,2,1,0,2,1,0,2,1,1,0,2,2,1,0,0,0,1,2,1,2,1,0,0,2,0,2,0,0,1,1,0,2,2,1,1,2,2,0,1,0,0,2,2,0,0,0,2,2,0,2,0,2,2,2,0,2,0,0,0,0,0;true,true,true,true,true,true,true,true,true,true,true,true,true,true,false,true,false,true,true,true,true,false,true,true,false,true,false,true,true,true,true,true,false,true,true,true,true,true,false,true,false,false,true,true,true,true,true,false,false,true,true,false,false,true,true,false,true,true,true,true,true,true,true,true,true,true,true,false,true,true,false,false,false,true,true,true,true,true,false,true,true,true,true,false,false,true,true,true,false,true,false,false,true,true,false,true,true,true,true,false,false,true,true,true,true,false,false,true,false,true,true,false,false,true,false,true,false,true,false,false;0,7,5,1,6,4,1,2,2,0,3,3,31,23,31,17,23,9,17,4,5,9,36,38,36,28,13,38,30,13,28,6,30,27,16,7,29,27,16,8,29,37,9,10,37,20,10,21,11,20,14,10,21,15,12,14,13,25,15,25,34,14,34,24,15,24,32,22,16,22,32,18,17,18,19,11,18,39,11,19,20,21,39,22,19,23,24,33,26,25,33,26,8,35,8,35,26,12,27,28,12,7,29,30,31,6,5,32,4,33,2,1,0,34,3,35,36,37,38,39;0,1,2,3,4,5,6,7,8,9,10,11,12,13,14,15,16,17,18,19,20,21,22,23,24,25,26,27,28,29,30,31,32,33,34,35,36,37,38,39,40,41,42,43,44,45,46,47,48,49,50,51,52,53,54,55,56,57,58,59,60,61,62,63,64,65,66,67,68,69,70,71,72,73,74,75,76,77,78,79,80,81,82,83,84,85,86,87,88,89,90,91,92,93,94,95,96,97,98,99,100,101,102,103,104,105,106,107,108,109,110,111,112,113,114,115,116,117,118,119
19;90;4;POST_TEST;0,0,0,0,0,0,0,0,0,0,0,0,0,0,0,1,0,0,0,0,0,0,1,0,1,1,0,0,0,0,0,1,1,1,1,1,0,0,0,1,1,0,0,1,0,0,0,0,1,0,0,0,1,1,1,0,1,1,0,0,1,1,0,1,0,0,0,1,0,0,0,0,1,0,1,0,0,0,0,0,0,0,1,0,1,1,0,1,0,0,0,0,0,0,1,1,0,0,0,1,0,1,0,0,0,0,1,0,0,1,0,1,1,0,0,0,0,1,0,1;,,,,,,,,,,,,,,,1000,,,,,,,917,,1016,1000,,,,,,871,933,1000,999,1000,,,,884,1000,,,983,,,,,1015,,,,1015,1016,883,,934,950,,,1016,1000,,951,,,,1016,,,,,933,,983,,,,,,,,987,,816,912,,1000,,,,,,,950,1000,,,,1000,,1000,,,,,1000,,,983,,833,933,,,,,950,,933;1,0,1,1,0,1,1,1,1,1,0,1,0,1,1,2,2,0,2,1,0,1,2,1,2,2,1,1,0,1,1,2,2,2,1,2,1,1,2,2,2,1,0,2,1,0,1,1,2,2,1,0,2,2,1,0,0,2,1,1,2,0,0,2,1,1,2,2,1,0,1,0,2,0,2,0,0,0,1,0,2,1,1,0,0,2,0,2,0,1,1,1,0,2,2,2,1,0,0,2,0,0,2,0,0,0,2,0,2,2,2,2,0,2,0,0,0,0,2,0;true,true,true,true,true,true,true,true,true,true,true,true,true,true,true,true,false,true,false,true,true,true,true,true,true,true,true,true,true,true,true,true,true,true,false,true,true,true,false,true,true,true,true,true,true,true,true,true,true,false,true,true,true,true,false,true,false,true,true,true,true,false,true,true,true,true,false,true,true,true,true,true,true,true,true,true,true,true,true,true,false,true,false,true,false,true,true,true,true,true,true,true,true,false,true,true,true,true,true,true,true,false,false,true,true,true,true,true,false,true,false,true,false,false,true,true,true,false,false,false;0,0,5,4,1,7,6,3,2,1,2,38,3,23,17,38,17,4,23,20,5,29,20,28,29,28,21,35,6,39,25,21,35,39,13,25,30,16,30,13,16,15,7,15,8,8,34,27,8,34,24,9,27,24,18,10,11,18,32,22,32,12,13,22,10,9,10,9,36,14,12,15,36,16,12,17,18,19,33,20,33,14,26,21,22,14,23,26,24,31,11,19,25,31,19,11,37,26,27,37,28,29,0,30,31,32,5,33,4,2,3,7,34,6,35,36,37,38,1,39;0,1,2,3,4,5,6,7,8,9,10,11,12,13,14,15,16,17,18,19,20,21,22,23,24,25,26,27,28,29,30,31,32,33,34,35,36,37,38,39,40,41,42,43,44,45,46,47,48,49,50,51,52,53,54,55,56,57,58,59,60,61,62,63,64,65,66,67,68,69,70,71,72,73,74,75,76,77,78,79,80,81,82,83,84,85,86,87,88,89,90,91,92,93,94,95,96,97,98,99,100,101,102,103,104,105,106,107,108,109,110,111,112,113,114,115,116,117,118,119
20;96;2;PRE_TEST;0,0,0,0,0,0,0,0,0,0,0,0,0,0,0,0,1,1,0,0,0,0,0,1,0,1,0,1,1,0,0,0,1,0,1,0,0,0,0,1,0,1,1,0,1,0,0,0,0,1,1,0,0,1,0,0,0,0,0,0,0,0,1,1,1,0,0,1,0,1,0,0,1,0,0,0,1,0,0,1,1,0,1,0,0,1,0,0,1,0,1,0,1,0,0,0,0,1,0,0,1,1,0,0,0,0,1,1,0,1,0,1,0,1,0,0,0,0,1,0;,,,,,,,,,,,,,,,,1015,1014,,,,,,1014,,948,,1014,931,,,,882,,948,,,,,1015,,1014,1014,,815,,,,,932,1015,,,1014,,,,,,,,,1014,1014,1014,,,998,,1014,,,815,,,,1014,,,1015,1014,,898,,,914,,,1014,,833,,714,,,,,1015,,,931,1014,,,,,798,930,,998,,981,,914,,,,,1014,;1,1,1,1,1,0,1,0,1,1,0,0,0,1,1,1,2,2,2,0,1,0,0,1,2,1,0,2,2,1,0,1,2,0,2,1,1,1,2,2,2,1,0,1,2,1,0,2,1,2,0,1,0,2,0,0,2,1,0,1,0,1,2,2,2,1,1,2,0,2,1,1,0,2,2,0,0,1,1,2,0,0,2,1,1,2,1,0,0,2,2,0,1,1,1,1,2,2,2,2,0,0,2,0,2,2,0,0,0,2,2,2,0,2,2,0,0,0,0,0;true,true,true,true,true,true,true,true,true,true,true,true,true,true,true,true,true,true,false,true,true,true,true,false,false,false,true,true,true,true,true,true,true,true,true,true,true,true,false,true,false,false,false,true,true,true,true,false,true,true,false,true,true,true,true,true,false,true,true,true,true,true,true,true,true,true,true,true,true,true,true,true,false,false,false,true,false,true,true,true,false,true,true,true,true,true,true,true,false,false,true,true,false,true,true,true,false,true,false,false,false,false,false,true,false,false,false,false,true,true,false,true,true,true,false,true,true,true,false,true;0,5,4,7,3,0,1,1,2,6,2,3,4,32,20,10,20,10,32,5,29,6,7,39,29,26,8,39,26,15,9,30,15,10,30,35,28,16,35,28,16,22,11,11,22,8,12,11,38,8,13,17,14,38,15,16,17,31,17,13,18,24,31,24,13,25,36,25,19,36,14,18,20,18,14,21,22,27,12,27,23,24,12,34,23,34,37,25,26,23,37,27,21,33,19,9,19,21,33,9,28,29,0,30,5,3,31,32,33,7,2,4,34,1,6,35,36,37,38,39;0,1,2,3,4,5,6,7,8,9,10,11,12,13,14,15,16,17,18,19,20,21,22,23,24,25,26,27,28,29,30,31,32,33,34,35,36,37,38,39,40,41,42,43,44,45,46,47,48,49,50,51,52,53,54,55,56,57,58,59,60,61,62,63,64,65,66,67,68,69,70,71,72,73,74,75,76,77,78,79,80,81,82,83,84,85,86,87,88,89,90,91,92,93,94,95,96,97,98,99,100,101,102,103,104,105,106,107,108,109,110,111,112,113,114,115,116,117,118,119
21;96;2;POST_TEST;0,0,0,0,0,0,0,0,0,0,0,0,0,0,0,0,0,0,1,0,0,0,1,1,1,0,0,0,0,0,1,0,0,1,0,1,1,0,0,0,0,1,1,1,0,0,0,0,1,1,1,1,0,0,0,1,1,0,1,0,0,0,1,0,1,0,0,0,0,0,0,1,0,0,1,0,0,0,0,1,0,1,0,1,1,1,0,0,0,1,1,0,0,0,0,0,1,1,1,0,0,1,1,1,0,1,0,1,1,0,1,0,1,0,0,0,0,1,1,0;,,,,,,,,,,,,,,,,,,864,,,,881,948,865,,,,,,1013,,,815,,781,948,,,,,848,1014,965,,,,,832,830,882,964,,,,799,1014,,931,,,,898,,799,,,,,,,881,,,799,,,,,815,,848,,1014,1013,948,,,,781,965,,,,,,865,831,899,,,864,981,982,,848,,815,915,,1014,,914,,,,,931,866,;1,1,0,1,0,1,1,0,1,1,1,1,1,2,2,0,1,1,2,1,1,0,2,2,2,0,1,0,0,1,2,1,1,2,0,2,2,1,0,1,0,2,2,0,0,1,1,1,2,2,2,1,0,1,1,2,2,1,2,0,0,1,2,1,2,0,2,1,0,1,1,2,2,0,2,0,1,0,0,2,1,1,0,2,1,2,0,0,1,2,2,1,0,0,0,1,2,2,1,0,0,2,2,2,0,2,0,2,2,0,2,0,2,0,0,0,0,2,0,0;true,true,true,true,true,true,true,true,true,true,true,true,true,false,false,true,true,true,true,true,true,true,true,true,true,true,true,true,true,true,true,true,true,true,true,true,true,true,true,true,true,true,true,false,true,true,true,true,true,true,true,false,true,true,true,true,true,true,true,true,true,true,true,true,true,true,false,true,true,true,true,true,false,true,true,true,true,true,true,true,true,false,true,true,false,true,true,true,true,true,true,true,true,true,true,true,true,true,false,true,true,true,true,true,true,true,true,true,true,true,true,true,true,true,true,true,true,true,false,true;1,2,0,3,1,7,4,2,0,6,5,33,36,33,36,3,31,19,31,13,17,4,19,17,13,5,14,6,7,35,14,27,23,35,8,27,23,38,9,11,10,11,38,11,12,24,15,8,24,15,8,22,13,29,21,29,22,30,21,14,15,34,30,18,34,16,18,12,17,25,28,25,12,18,28,19,16,20,21,16,32,20,22,32,39,20,23,24,37,39,37,26,25,26,27,9,26,9,10,28,29,1,10,3,30,2,31,7,4,32,0,33,6,34,35,36,37,5,38,39;0,1,2,3,4,5,6,7,8,9,10,11,12,13,14,15,16,17,18,19,20,21,22,23,24,25,26,27,28,29,30,31,32,33,34,35,36,37,38,39,40,41,42,43,44,45,46,47,48,49,50,51,52,53,54,55,56,57,58,59,60,61,62,63,64,65,66,67,68,69,70,71,72,73,74,75,76,77,78,79,80,81,82,83,84,85,86,87,88,89,90,91,92,93,94,95,96,97,98,99,100,101,102,103,104,105,106,107,108,109,110,111,112,113,114,115,116,117,118,119
22;97;7;PRE_TEST;0,0,0,0,0,0,0,0,0,0,0,0,0,0,0,0,0,0,0,0,0,1,0,1,0,1,1,0,0,1,0,0,1,0,0,0,0,0,1,0,1,0,0,0,0,1,1,1,0,1,0,1,0,0,1,1,1,1,1,1,0,0,0,1,0,1,0,0,0,0,0,1,1,1,0,1,0,0,1,0,0,1,1,0,1,0,1,1,0,0,0,0,1,0,0,1,1,0,1,1,0,1,0,1,0,1,0,1,0,1,0,0,0,0,0,0,1,1,1,0;,,,,,,,,,,,,,,,,,,,,,1000,,834,,934,1002,,,917,,,1001,,,,,,935,,934,,,,,1001,868,834,,901,,967,,,918,951,918,818,1001,985,,,,1001,,816,,,,,,1001,1000,934,,934,,,984,,,1001,934,,768,,850,917,,,,,951,,,784,834,,784,867,,866,,852,,735,,818,,901,,,,,,,867,984,1001,;1,1,1,0,1,1,1,0,1,0,1,0,0,0,0,1,1,0,0,2,1,2,1,2,1,2,2,0,0,1,1,2,0,2,1,0,0,1,2,2,0,1,1,1,1,2,2,1,2,2,1,2,1,1,2,2,2,1,0,2,1,1,1,2,2,2,1,0,0,0,0,2,1,0,0,2,1,1,2,1,0,2,2,1,1,0,2,2,1,0,1,1,2,0,0,2,2,1,0,0,0,2,2,2,0,0,2,0,2,0,0,0,2,0,2,0,2,2,0,0;true,true,true,true,true,true,true,true,true,true,true,true,true,true,true,true,true,true,true,false,true,true,true,true,true,true,true,true,true,false,true,false,false,false,true,true,true,true,true,false,false,true,true,true,true,true,true,false,false,true,true,true,true,true,true,true,true,false,false,true,true,true,true,true,false,true,true,true,true,true,true,true,false,false,true,true,true,true,true,true,true,true,true,true,false,true,true,true,true,true,true,true,true,true,true,true,true,true,false,false,true,true,false,true,true,false,false,false,false,false,true,true,false,true,false,true,true,true,false,true;3,4,2,0,0,5,6,1,7,2,1,3,4,5,6,14,28,7,8,14,8,28,13,8,38,13,38,9,10,18,9,18,11,9,27,12,13,32,27,32,14,24,11,17,19,11,24,39,17,19,15,39,31,25,15,25,31,37,15,37,12,23,22,23,12,22,33,16,17,18,19,33,35,20,21,35,30,10,30,20,22,20,10,36,21,23,36,21,34,24,29,16,34,25,26,29,16,26,27,28,29,26,4,2,30,31,5,32,3,33,34,35,0,36,6,37,7,1,38,39;0,1,2,3,4,5,6,7,8,9,10,11,12,13,14,15,16,17,18,19,20,21,22,23,24,25,26,27,28,29,30,31,32,33,34,35,36,37,38,39,40,41,42,43,44,45,46,47,48,49,50,51,52,53,54,55,56,57,58,59,60,61,62,63,64,65,66,67,68,69,70,71,72,73,74,75,76,77,78,79,80,81,82,83,84,85,86,87,88,89,90,91,92,93,94,95,96,97,98,99,100,101,102,103,104,105,106,107,108,109,110,111,112,113,114,115,116,117,118,119
23;97;7;POST_TEST;0,0,0,0,0,0,0,0,0,0,0,0,0,0,0,1,1,0,0,1,1,0,0,0,1,0,1,0,0,0,1,0,0,0,0,0,1,0,0,0,0,0,0,0,1,0,0,0,0,0,1,1,0,0,1,0,1,0,0,1,0,1,0,1,0,1,1,0,0,1,0,1,1,0,0,1,0,0,1,0,1,1,0,1,0,0,1,1,0,0,1,0,0,0,0,1,0,1,0,0,1,0,0,1,0,0,0,1,1,1,0,0,1,1,0,0,1,1,0,0;,,,,,,,,,,,,,,,885,901,,,951,967,,,,1001,,1001,,,,801,,,,,,801,,,,,,,,835,,,,,,901,1002,,,985,,1001,,,884,,768,,1001,,867,1002,,,834,,868,900,,,1000,,,935,,935,901,,1000,,,934,1001,,,1001,,,,,868,,1001,,,834,,,884,,,,1000,1001,818,,,902,851,,,834,900,,;1,0,1,1,1,0,1,1,1,0,1,0,0,1,1,2,2,1,0,1,2,1,1,0,2,1,2,2,0,0,2,1,0,1,2,0,2,1,1,1,0,2,2,2,1,0,2,1,0,1,2,0,1,1,2,2,2,0,1,0,2,1,0,0,0,2,1,0,1,2,1,2,2,1,0,2,1,1,0,0,2,2,0,1,1,1,2,2,0,0,2,1,0,0,0,2,1,1,1,0,2,2,2,2,0,0,2,2,2,2,0,2,2,0,0,0,2,0,0,0;true,true,true,true,true,true,true,true,true,true,true,true,true,true,true,true,true,true,true,false,true,true,true,true,true,true,true,false,true,true,true,true,true,true,false,true,true,true,true,true,true,false,false,false,false,true,false,true,true,true,true,false,true,true,true,false,true,true,true,false,false,false,true,false,true,true,false,true,true,true,true,true,true,true,true,true,true,true,false,true,true,true,true,false,true,true,true,true,true,true,true,true,true,true,true,true,true,false,true,true,true,false,false,true,true,true,false,true,true,true,true,false,true,false,true,true,true,false,true,true;4,0,3,7,2,1,0,5,6,2,1,3,4,38,10,38,10,12,5,13,12,37,32,6,13,29,37,32,7,8,29,25,9,15,25,10,15,21,23,31,11,21,23,31,17,12,17,27,13,18,27,14,26,24,18,24,26,15,30,16,30,16,17,18,19,16,34,20,22,34,35,22,35,36,21,36,11,33,22,23,33,11,24,39,20,9,20,39,25,26,9,19,27,28,29,19,28,14,8,30,14,28,8,7,31,32,0,5,4,3,33,2,1,34,35,36,6,37,38,39;0,1,2,3,4,5,6,7,8,9,10,11,12,13,14,15,16,17,18,19,20,21,22,23,24,25,26,27,28,29,30,31,32,33,34,35,36,37,38,39,40,41,42,43,44,45,46,47,48,49,50,51,52,53,54,55,56,57,58,59,60,61,62,63,64,65,66,67,68,69,70,71,72,73,74,75,76,77,78,79,80,81,82,83,84,85,86,87,88,89,90,91,92,93,94,95,96,97,98,99,100,101,102,103,104,105,106,107,108,109,110,111,112,113,114,115,116,117,118,119
24;116;0;PRE_TEST;0,0,0,0,0,0,0,0,0,1,0,0,0,0,0,1,1,0,0,0,0,0,0,0,1,0,1,0,0,0,1,1,1,0,1,0,1,1,0,0,1,1,1,0,0,0,0,0,1,1,1,1,0,0,0,0,0,1,1,1,0,0,1,0,1,0,0,0,1,1,1,0,0,0,0,0,0,1,1,1,0,0,1,1,0,0,0,0,0,0,0,1,0,1,0,0,1,0,0,0,1,0,1,0,1,0,1,0,0,0,0,1,1,1,1,0,0,0,0,1;,,,,,,,,,867,,,,,,733,683,,,,,,,,816,,1015,,,,833,750,799,,716,,766,683,,,733,683,583,,,,,,650,683,600,716,,,,,,849,783,866,,,749,,682,,,,516,683,767,,,,,,,733,699,750,,,750,650,,,,,,,,933,,717,,,949,,,,800,,716,,833,,966,,,,,849,716,900,882,,,,,666;1,0,1,1,1,0,0,1,1,1,1,1,0,0,1,2,2,0,0,0,0,1,1,0,2,1,2,1,0,1,2,2,2,1,0,1,2,0,1,1,2,2,2,0,1,1,1,2,2,2,1,0,0,1,2,1,1,2,1,2,0,2,2,0,0,1,1,1,2,2,2,1,0,0,2,1,1,2,1,2,1,0,2,2,1,0,0,2,1,0,0,1,2,0,0,1,2,1,0,2,2,0,0,0,2,0,2,0,0,2,0,2,2,2,2,0,2,0,0,0;true,true,true,true,true,true,true,true,true,false,true,true,true,true,true,true,true,true,true,true,true,true,true,true,true,true,true,true,true,true,true,true,true,true,false,true,true,false,true,true,true,true,true,true,true,true,true,false,true,true,false,false,true,true,false,true,true,true,false,true,true,false,true,true,false,true,true,true,true,true,true,true,true,true,false,true,true,true,false,true,true,true,true,true,true,true,true,false,true,true,true,false,false,false,true,true,true,true,true,false,true,true,false,true,true,true,true,true,true,false,true,true,true,true,true,true,false,true,true,false;5,0,4,0,7,1,2,2,1,3,6,10,3,4,17,10,17,5,6,7,8,24,11,9,24,9,11,39,10,16,9,16,39,38,11,30,38,12,23,27,30,23,27,13,15,29,32,29,32,15,26,14,15,34,26,14,19,34,37,14,16,19,37,17,18,20,22,28,22,28,20,8,19,20,8,33,18,33,12,18,35,21,12,35,36,22,23,36,13,24,25,21,13,26,27,31,21,25,28,25,31,29,30,31,7,32,5,33,34,0,35,4,2,1,6,36,3,37,38,39;0,1,2,3,4,5,6,7,8,9,10,11,12,13,14,15,16,17,18,19,20,21,22,23,24,25,26,27,28,29,30,31,32,33,34,35,36,37,38,39,40,41,42,43,44,45,46,47,48,49,50,51,52,53,54,55,56,57,58,59,60,61,62,63,64,65,66,67,68,69,70,71,72,73,74,75,76,77,78,79,80,81,82,83,84,85,86,87,88,89,90,91,92,93,94,95,96,97,98,99,100,101,102,103,104,105,106,107,108,109,110,111,112,113,114,115,116,117,118,119
25;116;0;POST_TEST;0,0,0,0,0,0,0,0,0,0,0,0,0,0,0,0,0,1,0,1,0,0,0,0,0,1,0,1,0,0,0,0,1,1,1,1,0,1,0,0,1,1,1,0,0,0,1,1,0,0,1,0,0,0,0,0,1,1,1,1,0,0,1,1,0,1,0,1,0,1,1,1,0,0,0,1,0,1,0,1,0,1,0,0,0,1,0,1,1,0,0,0,1,1,0,1,0,0,0,0,1,1,1,0,0,0,1,1,0,1,0,0,0,0,0,1,0,0,0,0;,,,,,,,,,,,,,,,,,716,,833,,,,,,849,,650,,,,,683,700,717,866,,900,,,883,650,850,,,,766,816,,,750,,,,,,733,850,949,750,,,950,1016,,816,,849,,950,732,700,,,,800,,733,,816,,867,,,,650,,1000,749,,,,783,983,,783,,,,,784,850,766,,,,733,750,,750,,,,,,749,,,,;0,1,0,1,1,1,1,1,1,0,1,0,1,0,1,1,2,2,1,2,0,1,2,0,0,2,1,1,2,1,1,0,2,2,1,2,1,2,0,1,2,2,1,1,0,1,0,2,2,0,2,0,1,1,1,2,2,1,2,2,1,0,2,1,1,2,1,2,1,2,2,0,1,0,0,1,0,2,1,2,0,2,1,1,0,2,0,0,2,1,0,1,2,2,0,0,1,0,0,0,2,2,0,0,0,0,2,2,0,2,0,2,2,0,0,2,0,0,2,0;true,true,true,true,true,true,true,true,true,true,true,true,true,true,true,true,false,true,true,true,true,true,false,true,true,true,true,false,false,true,true,true,true,true,false,true,true,true,true,true,true,true,false,true,true,true,false,true,false,true,true,true,true,true,true,false,true,false,true,true,true,true,true,false,true,true,true,true,true,true,true,false,true,true,true,false,true,true,true,true,true,true,true,true,true,true,true,false,true,true,true,true,true,true,true,false,true,true,true,true,true,true,false,true,true,true,true,true,true,true,true,false,false,true,true,true,true,true,false,true;0,0,1,2,1,5,4,3,6,2,7,3,32,4,19,37,19,32,18,37,5,28,18,6,7,28,8,12,8,29,36,8,12,29,10,36,31,10,9,27,31,27,38,21,10,15,11,38,21,12,15,13,26,24,33,26,24,39,33,39,17,14,17,16,20,16,30,20,23,30,23,15,14,16,17,22,18,14,13,22,19,13,35,9,20,35,21,22,9,25,23,11,25,11,24,25,34,26,27,28,34,0,29,30,31,32,2,3,33,1,34,5,4,35,36,6,37,38,7,39;0,1,2,3,4,5,6,7,8,9,10,11,12,13,14,15,16,17,18,19,20,21,22,23,24,25,26,27,28,29,30,31,32,33,34,35,36,37,38,39,40,41,42,43,44,45,46,47,48,49,50,51,52,53,54,55,56,57,58,59,60,61,62,63,64,65,66,67,68,69,70,71,72,73,74,75,76,77,78,79,80,81,82,83,84,85,86,87,88,89,90,91,92,93,94,95,96,97,98,99,100,101,102,103,104,105,106,107,108,109,110,111,112,113,114,115,116,117,118,119
26;140;6;PRE_TEST;0,0,0,0,0,0,0,0,0,0,0,0,0,0,0,0,0,1,0,1,0,0,0,1,0,1,0,0,0,1,1,0,0,1,1,1,0,1,1,0,0,1,0,1,0,1,0,1,0,0,1,0,0,0,1,0,0,1,0,0,1,1,0,0,0,0,1,1,0,0,0,0,1,1,0,0,0,0,0,0,1,1,0,0,0,0,0,1,1,0,1,0,0,0,1,1,0,0,0,1,0,0,1,0,0,0,0,0,0,0,0,0,0,1,0,0,0,1,1,0;,,,,,,,,,,,,,,,,,766,,717,,,,1016,,800,,,,899,733,,,867,1000,769,,834,1016,,,800,,833,,816,,700,,,749,,,,982,,,767,,,765,767,,,,,800,816,,,,,716,766,,,,,,,882,800,,,,,,1000,799,,815,,,,884,949,,,,816,,,716,,,,,,,,,,,901,,,,699,1000,;0,1,1,1,1,1,0,1,0,1,1,1,1,2,0,0,1,2,1,2,0,1,0,2,1,2,0,1,0,2,2,1,0,0,0,2,1,0,2,1,1,2,1,2,1,2,1,2,0,1,2,1,1,2,2,1,0,2,1,0,2,2,1,0,0,1,2,2,0,1,1,0,2,2,0,0,0,0,1,1,2,2,0,1,1,0,1,2,2,1,2,1,0,0,2,2,1,0,1,2,0,0,2,0,2,2,2,0,0,0,2,2,2,2,0,0,0,0,2,0;true,true,true,true,true,true,true,true,true,true,true,true,true,false,true,true,true,true,true,true,true,true,true,true,true,true,true,true,true,true,true,true,true,false,false,true,true,false,true,true,true,true,true,true,true,true,true,true,true,true,true,true,true,false,true,true,true,true,true,true,true,true,true,true,true,true,true,true,true,true,true,true,true,true,true,true,true,true,true,true,true,true,true,true,true,true,true,true,true,true,true,true,true,true,true,true,true,true,true,true,true,true,true,true,false,false,false,true,true,true,false,false,false,true,true,true,true,false,true,true;0,0,6,5,3,4,1,2,2,7,1,19,31,19,3,4,16,31,9,16,5,30,6,9,20,30,7,29,8,20,29,25,9,10,11,25,8,12,8,36,12,36,35,12,10,35,24,10,13,13,24,28,37,28,13,33,14,37,15,15,33,15,18,16,17,27,18,27,18,17,26,19,26,17,20,21,22,23,23,39,23,39,24,34,22,25,11,22,34,38,11,21,26,27,38,21,32,28,14,32,29,30,14,31,6,3,0,32,33,34,5,4,1,2,35,36,37,38,7,39;0,1,2,3,4,5,6,7,8,9,10,11,12,13,14,15,16,17,18,19,20,21,22,23,24,25,26,27,28,29,30,31,32,33,34,35,36,37,38,39,40,41,42,43,44,45,46,47,48,49,50,51,52,53,54,55,56,57,58,59,60,61,62,63,64,65,66,67,68,69,70,71,72,73,74,75,76,77,78,79,80,81,82,83,84,85,86,87,88,89,90,91,92,93,94,95,96,97,98,99,100,101,102,103,104,105,106,107,108,109,110,111,112,113,114,115,116,117,118,119
27;140;6;POST_TEST;0,0,0,0,0,0,0,0,0,0,0,0,0,0,1,0,0,0,0,0,0,0,1,1,1,0,0,0,0,1,0,0,0,1,1,0,1,1,0,0,1,0,0,1,0,0,1,0,0,0,1,0,0,1,0,0,0,1,1,0,0,1,0,1,1,1,0,1,0,0,1,0,0,0,0,1,0,1,0,0,0,0,0,1,0,1,1,0,1,0,0,0,0,0,1,0,1,0,1,0,0,1,0,0,0,0,0,1,0,0,0,0,0,1,0,0,0,0,0,0;,,,,,,,,,,,,,,983,,,,,,,,816,799,667,,,,,850,,,,782,832,,733,732,,,1000,,,783,,,701,,,,799,,,850,,,,882,900,,,812,,783,1000,849,,799,,,849,,,,,850,,899,,,,,,800,,784,816,,783,,,,,,800,,749,,883,,,833,,,,,,866,,,,,,950,,,,,,;1,1,1,0,1,1,1,1,1,0,0,0,1,1,2,2,0,1,1,0,1,0,2,2,2,0,0,1,1,2,1,1,1,2,2,1,2,2,0,1,2,0,1,2,0,0,2,1,0,0,2,1,0,2,1,1,0,2,2,1,1,2,1,2,1,2,1,2,0,0,2,1,1,1,2,2,0,2,0,0,1,1,0,2,1,2,0,0,2,0,0,1,0,1,2,1,2,1,2,0,0,2,0,2,2,2,0,2,2,0,0,0,2,2,0,2,0,0,0,0;true,true,true,true,true,true,true,true,true,true,true,true,true,true,true,false,true,true,true,true,true,true,true,true,true,true,true,true,true,true,true,true,true,true,true,true,true,true,true,true,true,true,true,true,true,true,true,true,true,true,true,true,true,true,true,true,true,true,true,true,true,true,true,true,false,true,true,true,true,true,true,true,true,true,false,true,true,true,true,true,true,true,true,true,true,true,false,true,true,true,true,true,true,true,true,true,true,true,true,true,true,true,true,false,false,false,true,true,false,true,true,true,false,true,true,false,true,true,true,true;3,2,7,0,6,5,0,1,4,1,2,3,32,39,32,39,4,26,16,5,27,6,26,16,27,7,8,29,37,29,19,31,36,37,19,23,31,36,9,12,23,10,17,12,11,12,17,30,13,14,30,14,15,14,38,28,16,28,38,33,34,33,25,34,35,25,21,35,17,18,21,22,9,20,22,20,19,9,20,21,11,13,22,13,24,11,23,24,24,25,26,15,27,8,15,10,8,18,10,28,29,18,30,7,3,5,31,2,1,32,33,34,6,4,35,0,36,37,38,39;0,1,2,3,4,5,6,7,8,9,10,11,12,13,14,15,16,17,18,19,20,21,22,23,24,25,26,27,28,29,30,31,32,33,34,35,36,37,38,39,40,41,42,43,44,45,46,47,48,49,50,51,52,53,54,55,56,57,58,59,60,61,62,63,64,65,66,67,68,69,70,71,72,73,74,75,76,77,78,79,80,81,82,83,84,85,86,87,88,89,90,91,92,93,94,95,96,97,98,99,100,101,102,103,104,105,106,107,108,109,110,111,112,113,114,115,116,117,118,119
28;158;3;PRE_TEST;0,0,0,0,0,0,0,0,0,0,1,0,0,1,1,0,1,0,1,1,1,0,1,0,0,0,0,0,1,1,0,1,1,0,1,1,1,0,1,0,1,1,0,0,0,0,1,0,1,0,0,0,0,1,0,0,0,1,0,0,0,0,1,0,0,0,1,0,1,0,0,1,1,0,0,0,0,1,0,0,0,0,0,1,0,1,0,1,1,0,0,1,0,0,1,0,1,0,1,1,1,0,0,0,0,1,0,1,0,0,0,0,1,0,0,0,0,0,1,0;,,,,,,,,,,900,,,966,1016,,1000,,917,983,949,,900,,,,,,850,1000,,850,999,,734,1000,833,,900,,949,916,,,,,784,,899,,,,,767,,,,1000,,,,,867,,,,917,,1000,,,884,967,,,,,950,,,,,,934,,1000,,800,1000,,,783,,,916,,784,,900,949,1000,,,,,917,,1000,,,,,849,,,,,,867,;0,1,0,1,0,1,1,1,1,1,1,1,0,2,1,0,2,1,0,2,1,0,2,1,0,0,2,1,0,1,0,2,1,1,2,2,1,1,2,2,2,0,1,1,2,1,0,2,2,0,0,0,1,1,0,1,2,1,2,2,2,0,0,0,1,1,0,0,2,2,1,0,2,1,0,0,1,2,0,1,2,0,1,2,1,2,1,2,0,1,1,2,2,1,2,1,2,1,0,0,2,2,2,0,0,0,2,2,0,2,2,0,2,0,2,2,0,0,0,0;true,true,true,true,true,true,true,true,true,true,false,true,true,true,false,true,true,true,false,true,false,true,true,true,true,true,false,true,false,false,true,true,false,true,true,true,false,true,true,false,true,false,true,true,false,true,false,false,true,true,true,true,true,false,true,true,false,false,false,false,false,true,false,true,true,true,false,true,true,false,true,false,true,true,true,true,true,true,true,true,false,true,true,true,true,true,true,true,false,true,true,true,false,true,true,true,true,true,false,false,true,false,false,true,true,false,false,true,true,false,false,true,true,true,false,false,true,true,false,true;0,7,1,1,2,0,3,5,4,6,2,31,3,31,10,4,10,23,5,23,13,6,13,14,7,8,14,17,9,36,10,17,28,29,36,28,12,24,29,24,12,11,21,25,21,35,12,35,25,13,14,15,11,26,16,20,11,37,26,20,37,17,18,19,9,15,20,21,15,9,18,22,18,39,23,24,19,39,25,8,19,26,33,8,27,33,22,27,27,30,34,22,30,16,34,38,16,32,28,29,38,7,32,30,31,32,3,1,33,6,0,34,2,35,5,4,36,37,38,39;0,1,2,3,4,5,6,7,8,9,10,11,12,13,14,15,16,17,18,19,20,21,22,23,24,25,26,27,28,29,30,31,32,33,34,35,36,37,38,39,40,41,42,43,44,45,46,47,48,49,50,51,52,53,54,55,56,57,58,59,60,61,62,63,64,65,66,67,68,69,70,71,72,73,74,75,76,77,78,79,80,81,82,83,84,85,86,87,88,89,90,91,92,93,94,95,96,97,98,99,100,101,102,103,104,105,106,107,108,109,110,111,112,113,114,115,116,117,118,119
29;158;3;POST_TEST;0,0,0,0,0,0,0,0,0,0,0,0,0,0,0,0,1,0,0,0,0,1,0,1,1,1,0,1,0,0,0,0,0,0,1,1,1,0,0,1,1,1,0,0,1,0,1,1,0,1,1,0,0,0,0,0,1,0,1,1,1,0,0,1,0,0,0,0,1,1,0,0,0,1,0,0,1,0,1,0,0,1,1,1,0,1,0,0,0,0,1,0,0,0,0,0,1,0,1,1,1,0,0,0,1,1,0,0,0,0,0,0,0,0,0,0,0,1,1,0;,,,,,,,,,,,,,,,,817,,,,,934,,850,884,984,,833,,,,,,,834,1000,922,,,934,1000,850,,,1000,,850,784,,1000,850,,,,,,867,,1000,949,984,,,883,,,,,1000,1001,,,,833,,,966,,916,,,901,867,883,,1000,,,,,832,,,,,,834,,833,999,1000,,,,866,1005,,,,,,,,,,,,1000,933,;1,1,0,1,1,1,1,1,0,1,0,0,1,0,2,0,0,1,1,1,2,2,1,2,1,2,0,2,0,1,1,1,1,2,2,2,2,0,1,1,0,2,1,2,0,1,2,2,1,0,2,0,1,0,1,0,2,1,1,2,2,0,0,2,1,0,1,1,2,2,2,0,1,0,0,2,0,1,1,1,1,2,2,2,0,2,0,1,0,0,2,1,0,2,1,1,0,1,2,2,2,2,0,2,0,0,2,2,0,0,2,0,0,2,2,2,0,0,0,0;true,true,true,true,true,true,true,true,true,true,true,true,true,true,false,true,false,true,true,true,false,true,true,true,false,true,true,true,true,true,true,true,true,false,true,true,true,true,true,false,false,true,true,false,false,true,true,true,true,false,true,true,true,true,true,true,true,true,false,true,true,true,true,true,true,true,true,true,true,true,false,true,true,false,true,false,false,true,false,true,true,true,true,true,true,true,true,true,true,true,true,true,true,false,true,true,false,true,true,true,true,false,true,false,false,false,false,false,true,true,false,true,true,false,false,false,true,false,false,true;5,6,0,3,0,1,4,7,1,2,2,3,9,4,9,5,6,34,16,21,16,34,11,21,10,11,7,10,8,22,32,26,33,22,33,32,26,9,31,12,10,12,15,31,11,14,15,14,27,12,27,13,8,14,17,15,8,23,18,17,23,16,17,18,38,18,30,28,38,30,28,19,39,20,21,39,22,24,13,25,29,13,24,25,23,29,24,35,25,26,35,19,27,19,37,36,28,20,37,20,36,6,29,3,30,31,0,5,32,33,2,34,35,4,1,7,36,37,38,39;0,1,2,3,4,5,6,7,8,9,10,11,12,13,14,15,16,17,18,19,20,21,22,23,24,25,26,27,28,29,30,31,32,33,34,35,36,37,38,39,40,41,42,43,44,45,46,47,48,49,50,51,52,53,54,55,56,57,58,59,60,61,62,63,64,65,66,67,68,69,70,71,72,73,74,75,76,77,78,79,80,81,82,83,84,85,86,87,88,89,90,91,92,93,94,95,96,97,98,99,100,101,102,103,104,105,106,107,108,109,110,111,112,113,114,115,116,117,118,119
31;4;6;PRE_TEST;0,0,0,0,0,0,0,0,0,0,0,0,0,0,0,0,0,0,0,1,0,0,0,1,1,0,0,0,1,1,1,0,1,0,0,1,1,1,0,1,0,0,0,1,1,1,1,1,0,1,0,0,0,1,0,1,1,1,1,1,0,0,0,0,1,0,1,0,1,1,1,0,1,1,1,0,1,1,1,0,1,1,0,0,0,0,1,1,1,0,1,1,1,0,1,0,1,0,0,1,1,1,1,1,1,1,0,0,0,0,0,0,0,0,0,0,1,1,1,0;,,,,,,,,,,,,,,,,,,,1007,,,,968,834,,,,868,1001,1001,,834,,,1000,868,1001,,868,,,,902,902,936,1002,1002,,936,,,,903,,934,1002,1003,869,802,,,,,902,,933,,936,868,868,,799,933,902,,967,866,940,,835,836,,,,,868,835,968,,935,1001,934,,967,,969,,,867,833,834,1029,998,899,867,,,,,,,,,,,969,1001,936,;1,0,0,1,1,0,1,1,1,1,1,1,1,2,2,0,0,1,0,1,1,0,2,2,2,1,1,0,2,2,1,0,2,1,0,0,2,0,0,1,1,2,0,2,0,0,0,1,1,2,1,1,2,2,1,2,0,2,0,1,1,0,1,2,2,1,2,2,0,1,0,1,2,1,2,1,0,2,0,0,2,1,1,1,2,1,2,0,2,2,0,0,1,1,1,0,2,1,2,2,0,2,2,0,0,2,2,0,0,2,2,0,2,0,2,0,2,0,0,0;true,true,true,true,true,true,true,true,true,true,true,true,true,false,false,true,true,true,true,false,true,true,false,true,true,true,true,true,true,true,false,true,true,true,true,false,true,false,true,false,true,false,true,true,false,false,false,false,true,true,true,true,false,true,true,true,false,true,false,false,true,true,true,false,true,true,true,false,false,false,false,true,true,false,true,true,false,true,false,true,true,false,true,true,false,true,true,false,true,false,false,false,false,true,false,true,true,true,false,true,false,true,true,false,false,true,false,true,true,false,false,true,false,true,false,true,true,false,false,true;1,0,1,6,3,2,5,0,4,7,2,25,23,25,23,3,4,30,5,37,15,6,30,15,37,38,35,7,35,38,12,8,12,24,9,10,24,11,12,11,9,11,13,9,14,15,16,22,20,22,16,21,20,16,17,21,17,17,18,31,14,19,33,14,31,19,33,19,20,39,21,28,39,18,28,8,22,18,23,24,8,10,27,29,27,36,10,25,29,36,26,27,26,34,13,28,26,32,34,13,29,32,1,30,31,3,5,32,33,4,0,34,6,35,2,36,7,37,38,39;0,1,2,3,4,5,6,7,8,9,10,11,12,13,14,15,16,17,18,19,20,21,22,23,24,25,26,27,28,29,30,31,32,33,34,35,36,37,38,39,40,41,42,43,44,45,46,47,48,49,50,51,52,53,54,55,56,57,58,59,60,61,62,63,64,65,66,67,68,69,70,71,72,73,74,75,76,77,78,79,80,81,82,83,84,85,86,87,88,89,90,91,92,93,94,95,96,97,98,99,100,101,102,103,104,105,106,107,108,109,110,111,112,113,114,115,116,117,118,119
32;4;7;POST_TEST;0,0,0,0,0,0,0,0,0,0,0,0,0,0,0,1,1,0,0,0,0,0,0,0,0,1,1,0,0,0,0,0,1,1,0,0,1,0,1,0,1,0,1,1,1,0,1,1,0,0,0,1,1,0,0,1,1,0,0,0,0,1,1,0,0,1,0,1,0,0,0,1,0,0,0,0,0,0,1,1,1,0,1,0,0,0,0,1,1,0,1,0,0,1,0,1,0,1,1,0,0,1,1,1,1,0,0,0,0,1,1,0,0,1,1,1,1,1,1,0;,,,,,,,,,,,,,,,1005,968,,,,,,,,,840,903,,,,,,935,867,,,924,,1012,,1000,,859,891,934,,1001,810,,,,934,936,,,1001,1001,,,,,802,801,,,901,,935,,,,867,,,,,,,901,809,821,,835,,,,,867,879,,966,,,885,,868,,903,862,,,836,834,844,880,,,,,867,769,,,868,936,968,1002,905,904,;1,0,1,1,0,1,1,1,1,0,1,0,0,1,1,2,2,0,1,0,2,0,1,1,0,2,2,1,1,1,2,1,2,2,0,1,2,1,1,1,2,0,2,2,2,1,0,2,1,1,1,2,2,0,0,2,0,1,1,2,0,2,0,1,0,0,1,2,0,1,0,2,0,2,1,1,0,0,2,2,1,1,2,2,1,1,0,2,1,2,2,0,0,1,0,1,1,2,2,0,0,2,0,0,0,2,2,0,2,0,2,2,0,2,0,2,0,0,2,0;true,true,true,true,true,true,true,true,true,true,true,true,true,true,true,true,true,true,true,true,false,true,true,true,true,true,true,true,true,true,false,true,true,true,true,true,true,true,false,true,true,true,true,true,true,true,false,true,true,true,true,true,true,true,true,true,false,true,true,false,true,true,false,true,true,false,true,true,true,true,true,true,true,false,true,true,true,true,true,true,false,true,true,false,true,true,true,true,false,false,true,true,true,false,true,false,true,true,true,true,true,true,false,false,false,false,false,true,false,false,true,false,true,true,false,true,false,false,true,true;5,0,3,4,1,1,0,6,2,2,7,3,4,25,37,25,37,5,27,6,27,7,12,8,8,12,8,31,10,35,31,15,10,35,9,16,15,39,20,22,16,10,39,20,22,28,11,28,11,18,33,11,18,12,13,33,14,29,14,29,15,14,16,24,17,18,36,24,19,21,20,36,21,21,17,19,22,23,17,19,23,30,23,30,34,9,24,34,32,9,32,25,26,13,27,26,38,13,26,28,29,38,30,31,32,3,5,33,0,34,2,4,35,1,36,6,37,38,7,39;0,1,2,3,4,5,6,7,8,9,10,11,12,13,14,15,16,17,18,19,20,21,22,23,24,25,26,27,28,29,30,31,32,33,34,35,36,37,38,39,40,41,42,43,44,45,46,47,48,49,50,51,52,53,54,55,56,57,58,59,60,61,62,63,64,65,66,67,68,69,70,71,72,73,74,75,76,77,78,79,80,81,82,83,84,85,86,87,88,89,90,91,92,93,94,95,96,97,98,99,100,101,102,103,104,105,106,107,108,109,110,111,112,113,114,115,116,117,118,119